OrderID;OrderDate;ProductID;StoreID;CustomerID;Quantity;Sales;Discount;Gender;AgeGroup;ProductName;Category;Brand;Cost;StoreName;City;Region
62;18.02.2023;P5;S5;C111;2;4,37;0;Female;18-25;Bizim Tarla Pomidor konservi;Canned;Bizim Tarla;1,5;Spar;Baku;East
68;17.12.2023;P2;S5;C292;2;5,18;0,1;Female;50+;Azərsun Günəbaxan Yağı 1L;Grocery;Azersun;2,5;Spar;Baku;East
89;30.07.2023;P1;S5;C137;2;2,33;0;Male;50+;Coca-Cola 1L;Beverage;Coca-Cola;0,8;Spar;Baku;East
144;12.06.2023;P7;S5;C185;2;0,68;0;Male;26-35;Sərin Çörək;Bakery;Local;0,4;Spar;Baku;East
315;18.03.2023;P3;S5;C285;2;2,54;0,05;Male;50+;Milla Süd 1L;Dairy;Milla;1,2;Spar;Baku;East
345;29.07.2024;P3;S5;C102;2;2,58;0;Female;26-35;Milla Süd 1L;Dairy;Milla;1,2;Spar;Baku;East
348;20.02.2023;P2;S5;C139;2;3,94;0,05;Male;36-50;Azərsun Günəbaxan Yağı 1L;Grocery;Azersun;2,5;Spar;Baku;East
353;21.02.2024;P1;S5;C199;2;1,43;0,15;Female;36-50;Coca-Cola 1L;Beverage;Coca-Cola;0,8;Spar;Baku;East
357;04.04.2024;P8;S5;C213;2;5,93;0,1;Male;36-50;Natura Yumurta 10 ədəd;Dairy;Natura;2,2;Spar;Baku;East
378;04.08.2024;P4;S5;C57;2;13,07;0,15;Female;50+;Savalan Toyuq filesi;Meat;Savalan;4,5;Spar;Baku;East
385;14.03.2024;P6;S5;C143;2;2,13;0,15;Female;36-50;Çudo Şokoladlı desert;Snack;Çudo;1;Spar;Baku;East
388;18.02.2024;P7;S5;C14;2;0,66;0,15;Female;18-25;Sərin Çörək;Bakery;Local;0,4;Spar;Baku;East
395;11.09.2023;P5;S5;C32;2;3,83;0,15;Female;26-35;Bizim Tarla Pomidor konservi;Canned;Bizim Tarla;1,5;Spar;Baku;East
396;26.01.2024;P7;S5;C8;2;0,8;0,05;Female;26-35;Sərin Çörək;Bakery;Local;0,4;Spar;Baku;East
397;21.09.2023;P2;S5;C176;2;5,15;0,1;Female;26-35;Azərsun Günəbaxan Yağı 1L;Grocery;Azersun;2,5;Spar;Baku;East
402;30.06.2023;P9;S5;C258;2;5,27;0,15;Female;50+;Pringles Chips;Snack;Pringles;2,8;Spar;Baku;East
406;08.04.2023;P8;S5;C157;2;5,09;0,15;Male;36-50;Natura Yumurta 10 ədəd;Dairy;Natura;2,2;Spar;Baku;East
407;30.03.2024;P7;S5;C47;2;0,71;0,15;Female;26-35;Sərin Çörək;Bakery;Local;0,4;Spar;Baku;East
414;18.07.2024;P2;S5;C290;2;4,75;0,05;Male;26-35;Azərsun Günəbaxan Yağı 1L;Grocery;Azersun;2,5;Spar;Baku;East
417;07.04.2024;P7;S5;C54;2;0,74;0;Female;36-50;Sərin Çörək;Bakery;Local;0,4;Spar;Baku;East
420;10.07.2023;P4;S5;C163;2;9,57;0,15;Male;36-50;Savalan Toyuq filesi;Meat;Savalan;4,5;Spar;Baku;East
422;03.11.2023;P9;S5;C219;2;6,45;0,1;Male;26-35;Pringles Chips;Snack;Pringles;2,8;Spar;Baku;East
424;04.01.2023;P7;S5;C242;2;1,14;0;Female;50+;Sərin Çörək;Bakery;Local;0,4;Spar;Baku;East
430;22.01.2024;P7;S5;C24;2;0,72;0,05;Male;50+;Sərin Çörək;Bakery;Local;0,4;Spar;Baku;East
451;03.01.2023;P2;S5;C145;2;7,1;0,05;Male;18-25;Azərsun Günəbaxan Yağı 1L;Grocery;Azersun;2,5;Spar;Baku;East
453;21.03.2023;P10;S5;C125;2;4,3;0,15;Male;18-25;Red Bull 250ml;Beverage;Red Bull;1,7;Spar;Baku;East
470;06.05.2024;P1;S5;C156;2;1,34;0,05;Male;50+;Coca-Cola 1L;Beverage;Coca-Cola;0,8;Spar;Baku;East
471;30.07.2023;P5;S5;C212;2;3,19;0,15;Male;26-35;Bizim Tarla Pomidor konservi;Canned;Bizim Tarla;1,5;Spar;Baku;East
472;04.09.2024;P3;S5;C147;2;1,9;0;Male;36-50;Milla Süd 1L;Dairy;Milla;1,2;Spar;Baku;East
473;31.07.2024;P9;S5;C287;2;7,98;0,05;Female;26-35;Pringles Chips;Snack;Pringles;2,8;Spar;Baku;East
483;02.10.2023;P3;S5;C195;2;3,2;0;Male;36-50;Milla Süd 1L;Dairy;Milla;1,2;Spar;Baku;East
484;06.05.2023;P6;S5;C8;2;2;0,15;Female;26-35;Çudo Şokoladlı desert;Snack;Çudo;1;Spar;Baku;East
489;24.07.2023;P2;S5;C213;2;7,14;0,1;Male;36-50;Azərsun Günəbaxan Yağı 1L;Grocery;Azersun;2,5;Spar;Baku;East
500;08.11.2023;P2;S5;C248;2;4,79;0;Male;36-50;Azərsun Günəbaxan Yağı 1L;Grocery;Azersun;2,5;Spar;Baku;East
501;05.12.2023;P5;S5;C31;2;2,36;0,15;Male;18-25;Bizim Tarla Pomidor konservi;Canned;Bizim Tarla;1,5;Spar;Baku;East
503;17.12.2023;P7;S5;C250;2;0,77;0,15;Male;36-50;Sərin Çörək;Bakery;Local;0,4;Spar;Baku;East
504;12.09.2023;P4;S5;C119;2;10,64;0,15;Female;50+;Savalan Toyuq filesi;Meat;Savalan;4,5;Spar;Baku;East
506;24.12.2023;P4;S5;C247;2;8,94;0,05;Female;50+;Savalan Toyuq filesi;Meat;Savalan;4,5;Spar;Baku;East
509;11.11.2024;P2;S5;C268;2;4,6;0,1;Female;26-35;Azərsun Günəbaxan Yağı 1L;Grocery;Azersun;2,5;Spar;Baku;East
513;27.08.2024;P4;S5;C5;2;8,96;0,1;Female;36-50;Savalan Toyuq filesi;Meat;Savalan;4,5;Spar;Baku;East
516;02.09.2023;P3;S5;C251;2;2,49;0,1;Female;50+;Milla Süd 1L;Dairy;Milla;1,2;Spar;Baku;East
518;17.12.2023;P8;S5;C151;2;4,03;0;Female;26-35;Natura Yumurta 10 ədəd;Dairy;Natura;2,2;Spar;Baku;East
522;18.11.2023;P6;S5;C175;2;1,98;0;Female;36-50;Çudo Şokoladlı desert;Snack;Çudo;1;Spar;Baku;East
529;07.07.2024;P4;S5;C235;2;8,26;0,1;Male;50+;Savalan Toyuq filesi;Meat;Savalan;4,5;Spar;Baku;East
534;22.04.2024;P2;S5;C152;2;4,59;0,1;Male;26-35;Azərsun Günəbaxan Yağı 1L;Grocery;Azersun;2,5;Spar;Baku;East
540;05.07.2024;P2;S5;C299;2;5,11;0,05;Female;36-50;Azərsun Günəbaxan Yağı 1L;Grocery;Azersun;2,5;Spar;Baku;East
541;17.11.2024;P8;S5;C20;2;5,72;0,1;Male;50+;Natura Yumurta 10 ədəd;Dairy;Natura;2,2;Spar;Baku;East
545;16.09.2023;P3;S5;C276;2;2,67;0,15;Female;50+;Milla Süd 1L;Dairy;Milla;1,2;Spar;Baku;East
557;18.09.2024;P7;S5;C288;2;0,81;0,15;Male;50+;Sərin Çörək;Bakery;Local;0,4;Spar;Baku;East
559;23.09.2024;P9;S5;C217;2;8,38;0;Female;26-35;Pringles Chips;Snack;Pringles;2,8;Spar;Baku;East
561;10.06.2023;P5;S5;C81;2;2,73;0,1;Female;50+;Bizim Tarla Pomidor konservi;Canned;Bizim Tarla;1,5;Spar;Baku;East
565;02.03.2023;P1;S5;C292;2;1,52;0,05;Female;50+;Coca-Cola 1L;Beverage;Coca-Cola;0,8;Spar;Baku;East
567;31.07.2024;P3;S5;C182;2;2,25;0,05;Female;18-25;Milla Süd 1L;Dairy;Milla;1,2;Spar;Baku;East
572;27.05.2024;P6;S5;C278;2;1,87;0,05;Female;36-50;Çudo Şokoladlı desert;Snack;Çudo;1;Spar;Baku;East
573;16.11.2024;P5;S5;C259;2;3,07;0,15;Male;26-35;Bizim Tarla Pomidor konservi;Canned;Bizim Tarla;1,5;Spar;Baku;East
574;15.05.2024;P5;S5;C203;2;2,45;0;Male;36-50;Bizim Tarla Pomidor konservi;Canned;Bizim Tarla;1,5;Spar;Baku;East
576;15.11.2024;P10;S5;C250;2;3,7;0,1;Male;36-50;Red Bull 250ml;Beverage;Red Bull;1,7;Spar;Baku;East
579;02.03.2024;P7;S5;C91;2;0,91;0,1;Male;36-50;Sərin Çörək;Bakery;Local;0,4;Spar;Baku;East
581;12.09.2023;P5;S5;C173;2;4,38;0,15;Female;26-35;Bizim Tarla Pomidor konservi;Canned;Bizim Tarla;1,5;Spar;Baku;East
583;17.08.2023;P7;S5;C281;2;0,65;0,1;Male;26-35;Sərin Çörək;Bakery;Local;0,4;Spar;Baku;East
589;06.01.2023;P2;S5;C197;2;7,21;0,15;Female;26-35;Azərsun Günəbaxan Yağı 1L;Grocery;Azersun;2,5;Spar;Baku;East
592;04.11.2024;P5;S5;C70;2;3,68;0,05;Female;26-35;Bizim Tarla Pomidor konservi;Canned;Bizim Tarla;1,5;Spar;Baku;East
605;19.03.2024;P8;S5;C15;2;5,64;0;Male;50+;Natura Yumurta 10 ədəd;Dairy;Natura;2,2;Spar;Baku;East
614;02.01.2024;P7;S5;C293;2;0,67;0,1;Male;26-35;Sərin Çörək;Bakery;Local;0,4;Spar;Baku;East
619;17.12.2023;P3;S5;C108;2;2,06;0,05;Male;26-35;Milla Süd 1L;Dairy;Milla;1,2;Spar;Baku;East
620;29.10.2023;P3;S5;C122;2;3,59;0;Male;26-35;Milla Süd 1L;Dairy;Milla;1,2;Spar;Baku;East
625;26.08.2023;P9;S5;C235;2;6,33;0,15;Male;50+;Pringles Chips;Snack;Pringles;2,8;Spar;Baku;East
627;10.06.2024;P8;S5;C207;2;6,1;0,05;Male;26-35;Natura Yumurta 10 ədəd;Dairy;Natura;2,2;Spar;Baku;East
629;13.05.2023;P6;S5;C48;2;2,07;0,1;Male;18-25;Çudo Şokoladlı desert;Snack;Çudo;1;Spar;Baku;East
630;18.04.2023;P6;S5;C234;2;2,55;0;Male;50+;Çudo Şokoladlı desert;Snack;Çudo;1;Spar;Baku;East
633;11.08.2024;P7;S5;C11;2;0,78;0,1;Female;36-50;Sərin Çörək;Bakery;Local;0,4;Spar;Baku;East
641;29.06.2023;P1;S5;C164;2;1,49;0,05;Male;36-50;Coca-Cola 1L;Beverage;Coca-Cola;0,8;Spar;Baku;East
642;22.03.2024;P2;S5;C256;2;5,8;0,15;Female;18-25;Azərsun Günəbaxan Yağı 1L;Grocery;Azersun;2,5;Spar;Baku;East
643;26.03.2023;P2;S5;C164;2;5,25;0,15;Male;36-50;Azərsun Günəbaxan Yağı 1L;Grocery;Azersun;2,5;Spar;Baku;East
650;27.11.2023;P5;S5;C211;2;4,04;0,1;Male;18-25;Bizim Tarla Pomidor konservi;Canned;Bizim Tarla;1,5;Spar;Baku;East
651;09.11.2023;P8;S5;C271;2;5,47;0;Male;26-35;Natura Yumurta 10 ədəd;Dairy;Natura;2,2;Spar;Baku;East
662;22.05.2024;P5;S5;C164;2;3,24;0,05;Male;36-50;Bizim Tarla Pomidor konservi;Canned;Bizim Tarla;1,5;Spar;Baku;East
663;01.05.2024;P7;S5;C219;2;1,17;0,15;Male;26-35;Sərin Çörək;Bakery;Local;0,4;Spar;Baku;East
669;23.08.2023;P9;S5;C199;2;5,32;0,05;Female;36-50;Pringles Chips;Snack;Pringles;2,8;Spar;Baku;East
673;13.06.2023;P6;S5;C58;2;2,1;0,1;Female;18-25;Çudo Şokoladlı desert;Snack;Çudo;1;Spar;Baku;East
677;12.07.2023;P8;S5;C19;2;4,53;0,15;Female;36-50;Natura Yumurta 10 ədəd;Dairy;Natura;2,2;Spar;Baku;East
679;24.10.2023;P8;S5;C181;2;4,53;0,1;Female;36-50;Natura Yumurta 10 ədəd;Dairy;Natura;2,2;Spar;Baku;East
681;10.02.2024;P10;S5;C115;2;4,2;0,15;Male;26-35;Red Bull 250ml;Beverage;Red Bull;1,7;Spar;Baku;East
683;21.12.2023;P2;S5;C294;2;6,6;0,05;Male;18-25;Azərsun Günəbaxan Yağı 1L;Grocery;Azersun;2,5;Spar;Baku;East
686;09.11.2024;P10;S5;C133;2;4,28;0;Female;36-50;Red Bull 250ml;Beverage;Red Bull;1,7;Spar;Baku;East
688;12.03.2024;P8;S5;C297;2;6,15;0,05;Male;50+;Natura Yumurta 10 ədəd;Dairy;Natura;2,2;Spar;Baku;East
689;18.04.2024;P2;S5;C222;2;4,64;0,1;Female;18-25;Azərsun Günəbaxan Yağı 1L;Grocery;Azersun;2,5;Spar;Baku;East
703;06.05.2023;P7;S5;C101;2;0,83;0;Female;50+;Sərin Çörək;Bakery;Local;0,4;Spar;Baku;East
711;29.01.2023;P2;S5;C81;2;6,58;0,1;Female;50+;Azərsun Günəbaxan Yağı 1L;Grocery;Azersun;2,5;Spar;Baku;East
712;16.04.2024;P2;S5;C22;2;7,44;0,15;Male;36-50;Azərsun Günəbaxan Yağı 1L;Grocery;Azersun;2,5;Spar;Baku;East
718;04.10.2024;P8;S5;C125;2;3,54;0,15;Male;18-25;Natura Yumurta 10 ədəd;Dairy;Natura;2,2;Spar;Baku;East
719;26.08.2024;P6;S5;C221;2;2,28;0,1;Female;50+;Çudo Şokoladlı desert;Snack;Çudo;1;Spar;Baku;East
720;06.01.2023;P3;S5;C262;2;3,35;0,1;Male;18-25;Milla Süd 1L;Dairy;Milla;1,2;Spar;Baku;East
725;15.08.2024;P8;S5;C132;2;6,51;0;Female;36-50;Natura Yumurta 10 ədəd;Dairy;Natura;2,2;Spar;Baku;East
727;12.06.2023;P2;S5;C246;2;6,06;0,1;Male;50+;Azərsun Günəbaxan Yağı 1L;Grocery;Azersun;2,5;Spar;Baku;East
731;29.01.2024;P10;S5;C157;2;3,69;0,1;Male;36-50;Red Bull 250ml;Beverage;Red Bull;1,7;Spar;Baku;East
749;16.03.2023;P5;S5;C101;2;2,99;0,15;Female;50+;Bizim Tarla Pomidor konservi;Canned;Bizim Tarla;1,5;Spar;Baku;East
751;30.07.2023;P9;S5;C152;2;6,34;0,05;Male;26-35;Pringles Chips;Snack;Pringles;2,8;Spar;Baku;East
752;07.09.2024;P9;S5;C146;2;7,67;0,15;Female;18-25;Pringles Chips;Snack;Pringles;2,8;Spar;Baku;East
756;12.06.2023;P9;S5;C37;2;8,16;0,1;Male;50+;Pringles Chips;Snack;Pringles;2,8;Spar;Baku;East
760;16.03.2024;P4;S5;C248;2;12,64;0;Male;36-50;Savalan Toyuq filesi;Meat;Savalan;4,5;Spar;Baku;East
763;17.12.2023;P2;S5;C185;2;6,67;0,05;Male;26-35;Azərsun Günəbaxan Yağı 1L;Grocery;Azersun;2,5;Spar;Baku;East
766;27.02.2023;P1;S5;C117;2;1,29;0,1;Male;18-25;Coca-Cola 1L;Beverage;Coca-Cola;0,8;Spar;Baku;East
771;28.02.2023;P7;S5;C66;2;0,69;0,15;Male;26-35;Sərin Çörək;Bakery;Local;0,4;Spar;Baku;East
774;01.09.2024;P8;S5;C75;2;4,79;0;Female;50+;Natura Yumurta 10 ədəd;Dairy;Natura;2,2;Spar;Baku;East
778;18.08.2023;P4;S5;C271;2;8,27;0;Male;26-35;Savalan Toyuq filesi;Meat;Savalan;4,5;Spar;Baku;East
782;17.12.2023;P7;S5;C212;2;1,14;0;Male;26-35;Sərin Çörək;Bakery;Local;0,4;Spar;Baku;East
784;07.12.2023;P2;S5;C51;2;4,94;0;Female;36-50;Azərsun Günəbaxan Yağı 1L;Grocery;Azersun;2,5;Spar;Baku;East
788;20.07.2023;P3;S5;C276;2;3,2;0,05;Female;50+;Milla Süd 1L;Dairy;Milla;1,2;Spar;Baku;East
790;20.09.2024;P6;S5;C184;2;2,75;0,05;Female;50+;Çudo Şokoladlı desert;Snack;Çudo;1;Spar;Baku;East
793;01.07.2023;P10;S5;C224;2;3,18;0,15;Female;50+;Red Bull 250ml;Beverage;Red Bull;1,7;Spar;Baku;East
797;11.01.2024;P5;S5;C92;2;3,49;0;Male;50+;Bizim Tarla Pomidor konservi;Canned;Bizim Tarla;1,5;Spar;Baku;East
805;26.03.2023;P5;S5;C38;2;3,41;0;Male;50+;Bizim Tarla Pomidor konservi;Canned;Bizim Tarla;1,5;Spar;Baku;East
812;23.10.2023;P10;S5;C245;2;3,14;0,1;Male;26-35;Red Bull 250ml;Beverage;Red Bull;1,7;Spar;Baku;East
815;27.09.2023;P5;S5;C56;2;4,49;0,15;Male;18-25;Bizim Tarla Pomidor konservi;Canned;Bizim Tarla;1,5;Spar;Baku;East
819;24.04.2023;P4;S5;C214;2;9,3;0,05;Male;36-50;Savalan Toyuq filesi;Meat;Savalan;4,5;Spar;Baku;East
827;17.12.2023;P9;S5;C133;2;5,94;0,05;Female;36-50;Pringles Chips;Snack;Pringles;2,8;Spar;Baku;East
828;04.01.2023;P2;S5;C232;2;4,31;0,15;Female;18-25;Azərsun Günəbaxan Yağı 1L;Grocery;Azersun;2,5;Spar;Baku;East
829;18.01.2024;P6;S5;C240;2;1,75;0,05;Male;26-35;Çudo Şokoladlı desert;Snack;Çudo;1;Spar;Baku;East
830;02.09.2024;P3;S5;C216;2;2,69;0;Female;18-25;Milla Süd 1L;Dairy;Milla;1,2;Spar;Baku;East
845;19.02.2024;P1;S5;C223;2;1,46;0,1;Female;26-35;Coca-Cola 1L;Beverage;Coca-Cola;0,8;Spar;Baku;East
865;15.02.2024;P8;S5;C86;2;5,39;0;Female;36-50;Natura Yumurta 10 ədəd;Dairy;Natura;2,2;Spar;Baku;East
875;23.04.2024;P5;S5;C284;2;2,64;0;Female;18-25;Bizim Tarla Pomidor konservi;Canned;Bizim Tarla;1,5;Spar;Baku;East
881;20.11.2023;P10;S5;C267;2;3,88;0,1;Male;18-25;Red Bull 250ml;Beverage;Red Bull;1,7;Spar;Baku;East
991;09.07.2023;P5;S5;C227;2;3,7;0,1;Male;36-50;Bizim Tarla Pomidor konservi;Canned;Bizim Tarla;1,5;Spar;Baku;East
1006;18.05.2023;P8;S5;C26;2;4,06;0,15;Male;50+;Natura Yumurta 10 ədəd;Dairy;Natura;2,2;Spar;Baku;East
1037;18.02.2024;P3;S5;C53;2;2,04;0,05;Female;50+;Milla Süd 1L;Dairy;Milla;1,2;Spar;Baku;East
1082;18.03.2023;P1;S5;C166;2;1,86;0,15;Female;36-50;Coca-Cola 1L;Beverage;Coca-Cola;0,8;Spar;Baku;East
1103;09.04.2024;P3;S5;C101;2;2,8;0,05;Female;50+;Milla Süd 1L;Dairy;Milla;1,2;Spar;Baku;East
1151;29.09.2023;P1;S5;C239;2;2,1;0,1;Male;18-25;Coca-Cola 1L;Beverage;Coca-Cola;0,8;Spar;Baku;East
1155;21.05.2024;P1;S5;C10;2;1,98;0;Male;18-25;Coca-Cola 1L;Beverage;Coca-Cola;0,8;Spar;Baku;East
1171;21.03.2024;P8;S5;C157;2;5,74;0,1;Male;36-50;Natura Yumurta 10 ədəd;Dairy;Natura;2,2;Spar;Baku;East
1179;24.09.2024;P3;S5;C175;2;2,57;0,15;Female;36-50;Milla Süd 1L;Dairy;Milla;1,2;Spar;Baku;East
1226;21.09.2024;P6;S5;C219;2;2,73;0;Male;26-35;Çudo Şokoladlı desert;Snack;Çudo;1;Spar;Baku;East
1235;06.08.2024;P9;S5;C299;2;7,41;0,05;Female;36-50;Pringles Chips;Snack;Pringles;2,8;Spar;Baku;East
1240;10.01.2023;P10;S5;C115;2;3,43;0;Male;26-35;Red Bull 250ml;Beverage;Red Bull;1,7;Spar;Baku;East
1242;19.01.2024;P1;S5;C145;2;1,41;0,05;Male;18-25;Coca-Cola 1L;Beverage;Coca-Cola;0,8;Spar;Baku;East
1278;24.02.2023;P9;S5;C195;2;8,39;0,15;Male;36-50;Pringles Chips;Snack;Pringles;2,8;Spar;Baku;East
1316;17.09.2024;P5;S5;C38;2;3,58;0;Male;50+;Bizim Tarla Pomidor konservi;Canned;Bizim Tarla;1,5;Spar;Baku;East
1333;21.10.2024;P9;S5;C290;2;6,39;0;Male;26-35;Pringles Chips;Snack;Pringles;2,8;Spar;Baku;East
1363;17.12.2023;P7;S5;C290;2;0,6;0,05;Male;26-35;Sərin Çörək;Bakery;Local;0,4;Spar;Baku;East
1370;03.05.2023;P6;S5;C270;2;2,24;0,15;Male;26-35;Çudo Şokoladlı desert;Snack;Çudo;1;Spar;Baku;East
1390;05.08.2024;P2;S5;C106;2;4,1;0,05;Male;36-50;Azərsun Günəbaxan Yağı 1L;Grocery;Azersun;2,5;Spar;Baku;East
1442;17.04.2023;P9;S5;C175;2;7,29;0,15;Female;36-50;Pringles Chips;Snack;Pringles;2,8;Spar;Baku;East
1495;16.11.2024;P3;S5;C181;2;3,39;0,1;Female;36-50;Milla Süd 1L;Dairy;Milla;1,2;Spar;Baku;East
1496;21.10.2023;P10;S5;C32;2;3,5;0;Female;26-35;Red Bull 250ml;Beverage;Red Bull;1,7;Spar;Baku;East
1509;05.02.2024;P9;S5;C220;2;4,55;0;Male;36-50;Pringles Chips;Snack;Pringles;2,8;Spar;Baku;East
1529;25.12.2023;P2;S5;C255;2;4,83;0;Female;36-50;Azərsun Günəbaxan Yağı 1L;Grocery;Azersun;2,5;Spar;Baku;East
1543;24.09.2023;P9;S5;C86;2;6,65;0,1;Female;36-50;Pringles Chips;Snack;Pringles;2,8;Spar;Baku;East
1576;08.06.2024;P5;S5;C92;2;3,09;0;Male;50+;Bizim Tarla Pomidor konservi;Canned;Bizim Tarla;1,5;Spar;Baku;East
1584;29.06.2023;P9;S5;C213;2;7,5;0,1;Male;36-50;Pringles Chips;Snack;Pringles;2,8;Spar;Baku;East
1589;24.02.2024;P2;S5;C90;2;6,55;0,05;Female;26-35;Azərsun Günəbaxan Yağı 1L;Grocery;Azersun;2,5;Spar;Baku;East
1628;17.08.2024;P1;S5;C273;2;1,73;0;Female;50+;Coca-Cola 1L;Beverage;Coca-Cola;0,8;Spar;Baku;East
1692;13.02.2023;P10;S5;C26;2;4,37;0,15;Male;50+;Red Bull 250ml;Beverage;Red Bull;1,7;Spar;Baku;East
1729;15.11.2023;P6;S5;C159;2;2,04;0,15;Female;18-25;Çudo Şokoladlı desert;Snack;Çudo;1;Spar;Baku;East
1731;21.03.2024;P1;S5;C218;2;2,05;0,15;Female;36-50;Coca-Cola 1L;Beverage;Coca-Cola;0,8;Spar;Baku;East
1757;11.07.2023;P7;S5;C147;2;0,96;0,15;Male;36-50;Sərin Çörək;Bakery;Local;0,4;Spar;Baku;East
1783;24.04.2023;P1;S5;C105;2;1,33;0,15;Female;50+;Coca-Cola 1L;Beverage;Coca-Cola;0,8;Spar;Baku;East
1792;02.01.2024;P4;S5;C44;2;11,85;0,1;Male;36-50;Savalan Toyuq filesi;Meat;Savalan;4,5;Spar;Baku;East
1833;14.09.2023;P7;S5;C279;2;0,68;0,15;Female;26-35;Sərin Çörək;Bakery;Local;0,4;Spar;Baku;East
1881;10.11.2024;P8;S5;C86;2;5,37;0,15;Female;36-50;Natura Yumurta 10 ədəd;Dairy;Natura;2,2;Spar;Baku;East
1882;08.04.2023;P6;S5;C300;2;2,94;0;Female;18-25;Çudo Şokoladlı desert;Snack;Çudo;1;Spar;Baku;East
1892;15.04.2023;P9;S5;C192;2;5,24;0,15;Female;26-35;Pringles Chips;Snack;Pringles;2,8;Spar;Baku;East
1895;26.08.2024;P8;S5;C260;2;5,91;0,15;Female;36-50;Natura Yumurta 10 ədəd;Dairy;Natura;2,2;Spar;Baku;East
1899;28.04.2023;P6;S5;C99;2;2,79;0,1;Male;50+;Çudo Şokoladlı desert;Snack;Çudo;1;Spar;Baku;East
1904;29.12.2024;P5;S5;C26;2;4,01;0,15;Male;50+;Bizim Tarla Pomidor konservi;Canned;Bizim Tarla;1,5;Spar;Baku;East
1936;15.07.2023;P1;S5;C233;2;1,26;0,1;Male;26-35;Coca-Cola 1L;Beverage;Coca-Cola;0,8;Spar;Baku;East
1962;23.06.2023;P10;S5;C74;2;4,6;0;Female;26-35;Red Bull 250ml;Beverage;Red Bull;1,7;Spar;Baku;East
1986;01.01.2024;P7;S5;C74;2;1,03;0,15;Female;26-35;Sərin Çörək;Bakery;Local;0,4;Spar;Baku;East
152;17.05.2023;P3;S5;C153;4;1,96;0,15;Male;18-25;Milla Süd 1L;Dairy;Milla;1,2;Spar;Baku;East
146;17.12.2023;P8;S5;C31;4;4,28;0;Male;18-25;Natura Yumurta 10 ədəd;Dairy;Natura;2,2;Spar;Baku;East
172;03.01.2024;P10;S5;C64;4;3,63;0,05;Male;36-50;Red Bull 250ml;Beverage;Red Bull;1,7;Spar;Baku;East
177;13.02.2023;P2;S5;C84;4;4,48;0,15;Male;26-35;Azərsun Günəbaxan Yağı 1L;Grocery;Azersun;2,5;Spar;Baku;East
330;10.03.2024;P2;S5;C66;4;6,31;0,05;Male;26-35;Azərsun Günəbaxan Yağı 1L;Grocery;Azersun;2,5;Spar;Baku;East
332;17.12.2023;P3;S5;C50;4;3,07;0,1;Male;50+;Milla Süd 1L;Dairy;Milla;1,2;Spar;Baku;East
338;03.08.2023;P4;S5;C105;4;8,63;0,05;Female;50+;Savalan Toyuq filesi;Meat;Savalan;4,5;Spar;Baku;East
341;26.02.2023;P8;S5;C58;4;5,79;0,05;Female;18-25;Natura Yumurta 10 ədəd;Dairy;Natura;2,2;Spar;Baku;East
346;08.05.2023;P2;S5;C296;4;7,32;0,05;Female;36-50;Azərsun Günəbaxan Yağı 1L;Grocery;Azersun;2,5;Spar;Baku;East
365;04.07.2024;P9;S5;C217;4;7,99;0;Female;26-35;Pringles Chips;Snack;Pringles;2,8;Spar;Baku;East
371;20.05.2023;P6;S5;C241;4;1,77;0,05;Female;36-50;Çudo Şokoladlı desert;Snack;Çudo;1;Spar;Baku;East
372;16.09.2024;P3;S5;C215;4;2,98;0,05;Female;36-50;Milla Süd 1L;Dairy;Milla;1,2;Spar;Baku;East
374;10.05.2023;P3;S5;C196;4;2,81;0,05;Male;36-50;Milla Süd 1L;Dairy;Milla;1,2;Spar;Baku;East
377;06.05.2024;P4;S5;C247;4;11,93;0,1;Female;50+;Savalan Toyuq filesi;Meat;Savalan;4,5;Spar;Baku;East
387;16.05.2024;P5;S5;C136;4;2,77;0,15;Female;18-25;Bizim Tarla Pomidor konservi;Canned;Bizim Tarla;1,5;Spar;Baku;East
389;20.04.2023;P3;S5;C73;4;3,57;0,05;Female;18-25;Milla Süd 1L;Dairy;Milla;1,2;Spar;Baku;East
393;24.06.2024;P2;S5;C130;4;4,45;0,05;Female;26-35;Azərsun Günəbaxan Yağı 1L;Grocery;Azersun;2,5;Spar;Baku;East
399;15.01.2023;P1;S5;C1;4;1,76;0;Male;26-35;Coca-Cola 1L;Beverage;Coca-Cola;0,8;Spar;Baku;East
400;10.09.2024;P10;S5;C141;4;4,36;0,05;Female;50+;Red Bull 250ml;Beverage;Red Bull;1,7;Spar;Baku;East
401;25.03.2023;P7;S5;C213;4;0,8;0,15;Male;36-50;Sərin Çörək;Bakery;Local;0,4;Spar;Baku;East
405;14.05.2024;P1;S5;C145;4;2,32;0,15;Male;18-25;Coca-Cola 1L;Beverage;Coca-Cola;0,8;Spar;Baku;East
408;15.10.2024;P3;S5;C107;4;2,56;0;Male;36-50;Milla Süd 1L;Dairy;Milla;1,2;Spar;Baku;East
421;17.12.2023;P5;S5;C5;4;2,25;0,1;Female;36-50;Bizim Tarla Pomidor konservi;Canned;Bizim Tarla;1,5;Spar;Baku;East
423;22.01.2024;P10;S5;C259;4;2,73;0,05;Male;26-35;Red Bull 250ml;Beverage;Red Bull;1,7;Spar;Baku;East
431;17.12.2023;P9;S5;C45;4;6,12;0,1;Male;26-35;Pringles Chips;Snack;Pringles;2,8;Spar;Baku;East
436;19.02.2023;P1;S5;C90;4;2,05;0,05;Female;26-35;Coca-Cola 1L;Beverage;Coca-Cola;0,8;Spar;Baku;East
439;17.04.2023;P1;S5;C166;4;1,6;0;Female;36-50;Coca-Cola 1L;Beverage;Coca-Cola;0,8;Spar;Baku;East
440;09.12.2023;P4;S5;C175;4;8,31;0,05;Female;36-50;Savalan Toyuq filesi;Meat;Savalan;4,5;Spar;Baku;East
444;07.02.2023;P4;S5;C44;4;11,39;0,1;Male;36-50;Savalan Toyuq filesi;Meat;Savalan;4,5;Spar;Baku;East
447;05.04.2023;P5;S5;C168;4;2,39;0,15;Female;26-35;Bizim Tarla Pomidor konservi;Canned;Bizim Tarla;1,5;Spar;Baku;East
450;25.01.2023;P6;S5;C22;4;2,18;0,15;Male;36-50;Çudo Şokoladlı desert;Snack;Çudo;1;Spar;Baku;East
452;03.11.2023;P2;S5;C130;4;6,2;0,15;Female;26-35;Azərsun Günəbaxan Yağı 1L;Grocery;Azersun;2,5;Spar;Baku;East
454;19.07.2023;P1;S5;C243;4;1,23;0,05;Male;26-35;Coca-Cola 1L;Beverage;Coca-Cola;0,8;Spar;Baku;East
459;01.01.2024;P1;S5;C60;4;1,87;0,15;Male;26-35;Coca-Cola 1L;Beverage;Coca-Cola;0,8;Spar;Baku;East
460;20.07.2024;P2;S5;C35;4;4,97;0,1;Male;26-35;Azərsun Günəbaxan Yağı 1L;Grocery;Azersun;2,5;Spar;Baku;East
474;11.01.2024;P9;S5;C90;4;5,35;0,05;Female;26-35;Pringles Chips;Snack;Pringles;2,8;Spar;Baku;East
475;22.03.2023;P4;S5;C134;4;8,16;0,15;Male;18-25;Savalan Toyuq filesi;Meat;Savalan;4,5;Spar;Baku;East
477;04.04.2024;P9;S5;C132;4;5,22;0,1;Female;36-50;Pringles Chips;Snack;Pringles;2,8;Spar;Baku;East
481;28.06.2023;P8;S5;C182;4;4,55;0;Female;18-25;Natura Yumurta 10 ədəd;Dairy;Natura;2,2;Spar;Baku;East
486;15.11.2023;P10;S5;C152;4;4,22;0,15;Male;26-35;Red Bull 250ml;Beverage;Red Bull;1,7;Spar;Baku;East
487;02.10.2024;P8;S5;C181;4;5,94;0,05;Female;36-50;Natura Yumurta 10 ədəd;Dairy;Natura;2,2;Spar;Baku;East
490;09.11.2024;P1;S5;C98;4;2;0,15;Male;26-35;Coca-Cola 1L;Beverage;Coca-Cola;0,8;Spar;Baku;East
491;21.01.2023;P6;S5;C85;4;1,67;0;Male;18-25;Çudo Şokoladlı desert;Snack;Çudo;1;Spar;Baku;East
495;31.08.2024;P6;S5;C21;4;2,85;0,1;Male;18-25;Çudo Şokoladlı desert;Snack;Çudo;1;Spar;Baku;East
497;18.06.2023;P4;S5;C79;4;8,62;0,15;Male;36-50;Savalan Toyuq filesi;Meat;Savalan;4,5;Spar;Baku;East
498;07.04.2024;P8;S5;C1;4;4,97;0;Male;26-35;Natura Yumurta 10 ədəd;Dairy;Natura;2,2;Spar;Baku;East
505;05.07.2024;P2;S5;C269;4;5,2;0,1;Female;36-50;Azərsun Günəbaxan Yağı 1L;Grocery;Azersun;2,5;Spar;Baku;East
507;11.06.2023;P9;S5;C127;4;5,43;0,1;Female;36-50;Pringles Chips;Snack;Pringles;2,8;Spar;Baku;East
514;29.05.2024;P5;S5;C73;4;3,15;0;Female;18-25;Bizim Tarla Pomidor konservi;Canned;Bizim Tarla;1,5;Spar;Baku;East
520;17.12.2023;P2;S5;C236;4;4,55;0,1;Female;26-35;Azərsun Günəbaxan Yağı 1L;Grocery;Azersun;2,5;Spar;Baku;East
526;28.02.2023;P1;S5;C84;4;1,98;0,05;Male;26-35;Coca-Cola 1L;Beverage;Coca-Cola;0,8;Spar;Baku;East
531;31.03.2023;P3;S5;C72;4;1,95;0,15;Male;26-35;Milla Süd 1L;Dairy;Milla;1,2;Spar;Baku;East
536;30.05.2023;P9;S5;C11;4;5,81;0,05;Female;36-50;Pringles Chips;Snack;Pringles;2,8;Spar;Baku;East
537;05.09.2024;P2;S5;C196;4;5,8;0,15;Male;36-50;Azərsun Günəbaxan Yağı 1L;Grocery;Azersun;2,5;Spar;Baku;East
546;15.12.2023;P1;S5;C178;4;2,35;0,15;Male;36-50;Coca-Cola 1L;Beverage;Coca-Cola;0,8;Spar;Baku;East
551;06.02.2024;P10;S5;C187;4;4,17;0,15;Male;26-35;Red Bull 250ml;Beverage;Red Bull;1,7;Spar;Baku;East
555;13.12.2023;P3;S5;C281;4;3,4;0,15;Male;26-35;Milla Süd 1L;Dairy;Milla;1,2;Spar;Baku;East
558;07.08.2024;P3;S5;C1;4;2,61;0;Male;26-35;Milla Süd 1L;Dairy;Milla;1,2;Spar;Baku;East
560;17.01.2024;P4;S5;C158;4;12,93;0,05;Female;26-35;Savalan Toyuq filesi;Meat;Savalan;4,5;Spar;Baku;East
562;20.02.2024;P5;S5;C256;4;4,2;0,15;Female;18-25;Bizim Tarla Pomidor konservi;Canned;Bizim Tarla;1,5;Spar;Baku;East
563;07.04.2023;P1;S5;C26;4;1,39;0,1;Male;50+;Coca-Cola 1L;Beverage;Coca-Cola;0,8;Spar;Baku;East
564;07.07.2024;P1;S5;C193;4;1,54;0,1;Male;18-25;Coca-Cola 1L;Beverage;Coca-Cola;0,8;Spar;Baku;East
571;26.10.2023;P5;S5;C175;4;3,81;0,1;Female;36-50;Bizim Tarla Pomidor konservi;Canned;Bizim Tarla;1,5;Spar;Baku;East
577;05.11.2023;P1;S5;C298;4;1,72;0,05;Female;36-50;Coca-Cola 1L;Beverage;Coca-Cola;0,8;Spar;Baku;East
582;23.06.2024;P10;S5;C211;4;3,88;0,1;Male;18-25;Red Bull 250ml;Beverage;Red Bull;1,7;Spar;Baku;East
584;01.05.2023;P2;S5;C223;4;5,72;0,1;Female;26-35;Azərsun Günəbaxan Yağı 1L;Grocery;Azersun;2,5;Spar;Baku;East
599;17.12.2023;P8;S5;C86;4;5,95;0,1;Female;36-50;Natura Yumurta 10 ədəd;Dairy;Natura;2,2;Spar;Baku;East
601;27.12.2023;P10;S5;C88;4;3,59;0,05;Male;50+;Red Bull 250ml;Beverage;Red Bull;1,7;Spar;Baku;East
607;28.05.2024;P6;S5;C17;4;2,11;0;Female;50+;Çudo Şokoladlı desert;Snack;Çudo;1;Spar;Baku;East
608;11.07.2023;P8;S5;C98;4;4,6;0,15;Male;26-35;Natura Yumurta 10 ədəd;Dairy;Natura;2,2;Spar;Baku;East
609;12.04.2023;P2;S5;C27;4;4,21;0,1;Female;26-35;Azərsun Günəbaxan Yağı 1L;Grocery;Azersun;2,5;Spar;Baku;East
621;02.05.2024;P2;S5;C223;4;6,93;0,15;Female;26-35;Azərsun Günəbaxan Yağı 1L;Grocery;Azersun;2,5;Spar;Baku;East
623;12.03.2023;P1;S5;C126;4;2,12;0,15;Male;50+;Coca-Cola 1L;Beverage;Coca-Cola;0,8;Spar;Baku;East
628;16.03.2023;P7;S5;C52;4;0,72;0;Female;50+;Sərin Çörək;Bakery;Local;0,4;Spar;Baku;East
632;17.12.2023;P6;S5;C84;4;1,99;0,15;Male;26-35;Çudo Şokoladlı desert;Snack;Çudo;1;Spar;Baku;East
640;04.11.2023;P3;S5;C221;4;2,63;0,05;Female;50+;Milla Süd 1L;Dairy;Milla;1,2;Spar;Baku;East
644;17.12.2023;P6;S5;C113;4;2,98;0,15;Female;26-35;Çudo Şokoladlı desert;Snack;Çudo;1;Spar;Baku;East
654;22.06.2024;P2;S5;C152;4;7,45;0,05;Male;26-35;Azərsun Günəbaxan Yağı 1L;Grocery;Azersun;2,5;Spar;Baku;East
656;07.05.2023;P10;S5;C30;4;3,07;0;Female;50+;Red Bull 250ml;Beverage;Red Bull;1,7;Spar;Baku;East
665;23.08.2024;P2;S5;C267;4;5,78;0,05;Male;18-25;Azərsun Günəbaxan Yağı 1L;Grocery;Azersun;2,5;Spar;Baku;East
668;02.01.2024;P3;S5;C182;4;2,7;0,15;Female;18-25;Milla Süd 1L;Dairy;Milla;1,2;Spar;Baku;East
672;28.09.2023;P1;S5;C289;4;2,14;0,1;Female;36-50;Coca-Cola 1L;Beverage;Coca-Cola;0,8;Spar;Baku;East
678;18.07.2024;P9;S5;C5;4;8,39;0;Female;36-50;Pringles Chips;Snack;Pringles;2,8;Spar;Baku;East
680;17.12.2023;P9;S5;C61;4;5,43;0,15;Male;26-35;Pringles Chips;Snack;Pringles;2,8;Spar;Baku;East
692;09.08.2024;P2;S5;C120;4;6,96;0;Male;36-50;Azərsun Günəbaxan Yağı 1L;Grocery;Azersun;2,5;Spar;Baku;East
698;01.02.2024;P5;S5;C160;4;2,3;0,05;Male;26-35;Bizim Tarla Pomidor konservi;Canned;Bizim Tarla;1,5;Spar;Baku;East
699;05.10.2023;P4;S5;C43;4;11,99;0,1;Male;36-50;Savalan Toyuq filesi;Meat;Savalan;4,5;Spar;Baku;East
701;05.01.2024;P7;S5;C57;4;1,1;0,1;Female;50+;Sərin Çörək;Bakery;Local;0,4;Spar;Baku;East
704;21.08.2024;P5;S5;C88;4;2,52;0;Male;50+;Bizim Tarla Pomidor konservi;Canned;Bizim Tarla;1,5;Spar;Baku;East
705;18.07.2024;P10;S5;C215;4;3,29;0,05;Female;36-50;Red Bull 250ml;Beverage;Red Bull;1,7;Spar;Baku;East
715;10.11.2024;P4;S5;C299;4;7,68;0,15;Female;36-50;Savalan Toyuq filesi;Meat;Savalan;4,5;Spar;Baku;East
729;08.03.2024;P8;S5;C229;4;5,88;0,1;Female;18-25;Natura Yumurta 10 ədəd;Dairy;Natura;2,2;Spar;Baku;East
730;02.10.2024;P9;S5;C293;4;4,45;0,05;Male;26-35;Pringles Chips;Snack;Pringles;2,8;Spar;Baku;East
732;06.07.2023;P2;S5;C101;4;5,82;0;Female;50+;Azərsun Günəbaxan Yağı 1L;Grocery;Azersun;2,5;Spar;Baku;East
733;09.08.2024;P10;S5;C251;4;3,23;0,05;Female;50+;Red Bull 250ml;Beverage;Red Bull;1,7;Spar;Baku;East
734;13.01.2023;P8;S5;C104;4;3,8;0;Male;36-50;Natura Yumurta 10 ədəd;Dairy;Natura;2,2;Spar;Baku;East
741;03.11.2024;P8;S5;C230;4;4,9;0,1;Male;18-25;Natura Yumurta 10 ədəd;Dairy;Natura;2,2;Spar;Baku;East
758;23.05.2023;P10;S5;C164;4;4,56;0,15;Male;36-50;Red Bull 250ml;Beverage;Red Bull;1,7;Spar;Baku;East
759;11.05.2023;P2;S5;C59;4;6,9;0,05;Female;50+;Azərsun Günəbaxan Yağı 1L;Grocery;Azersun;2,5;Spar;Baku;East
765;22.06.2023;P3;S5;C104;4;2,37;0,1;Male;36-50;Milla Süd 1L;Dairy;Milla;1,2;Spar;Baku;East
768;13.09.2024;P9;S5;C126;4;6,27;0,15;Male;50+;Pringles Chips;Snack;Pringles;2,8;Spar;Baku;East
769;17.02.2024;P4;S5;C81;4;6,91;0,1;Female;50+;Savalan Toyuq filesi;Meat;Savalan;4,5;Spar;Baku;East
773;30.12.2023;P6;S5;C191;4;2,76;0,1;Male;50+;Çudo Şokoladlı desert;Snack;Çudo;1;Spar;Baku;East
780;16.07.2023;P4;S5;C74;4;10,28;0;Female;26-35;Savalan Toyuq filesi;Meat;Savalan;4,5;Spar;Baku;East
785;01.05.2024;P2;S5;C19;4;5,86;0;Female;36-50;Azərsun Günəbaxan Yağı 1L;Grocery;Azersun;2,5;Spar;Baku;East
787;06.03.2024;P7;S5;C57;4;0,97;0,1;Female;50+;Sərin Çörək;Bakery;Local;0,4;Spar;Baku;East
789;19.02.2023;P1;S5;C10;4;2,03;0,15;Male;18-25;Coca-Cola 1L;Beverage;Coca-Cola;0,8;Spar;Baku;East
792;22.01.2023;P5;S5;C93;4;2,78;0,05;Male;50+;Bizim Tarla Pomidor konservi;Canned;Bizim Tarla;1,5;Spar;Baku;East
796;09.01.2023;P3;S5;C62;4;2,19;0,1;Male;36-50;Milla Süd 1L;Dairy;Milla;1,2;Spar;Baku;East
798;12.09.2024;P2;S5;C69;4;5,08;0,15;Female;26-35;Azərsun Günəbaxan Yağı 1L;Grocery;Azersun;2,5;Spar;Baku;East
800;17.12.2023;P7;S5;C222;4;0,99;0;Female;18-25;Sərin Çörək;Bakery;Local;0,4;Spar;Baku;East
801;18.02.2024;P9;S5;C234;4;5,76;0,15;Male;50+;Pringles Chips;Snack;Pringles;2,8;Spar;Baku;East
802;23.07.2023;P5;S5;C147;4;2,73;0,05;Male;36-50;Bizim Tarla Pomidor konservi;Canned;Bizim Tarla;1,5;Spar;Baku;East
809;21.04.2024;P2;S5;C230;4;6,25;0,1;Male;18-25;Azərsun Günəbaxan Yağı 1L;Grocery;Azersun;2,5;Spar;Baku;East
813;03.02.2023;P5;S5;C45;4;3,93;0,05;Male;26-35;Bizim Tarla Pomidor konservi;Canned;Bizim Tarla;1,5;Spar;Baku;East
820;20.01.2024;P5;S5;C182;4;3,2;0,15;Female;18-25;Bizim Tarla Pomidor konservi;Canned;Bizim Tarla;1,5;Spar;Baku;East
822;17.04.2023;P2;S5;C187;4;4,28;0,1;Male;26-35;Azərsun Günəbaxan Yağı 1L;Grocery;Azersun;2,5;Spar;Baku;East
832;29.04.2023;P8;S5;C227;4;4,45;0,05;Male;36-50;Natura Yumurta 10 ədəd;Dairy;Natura;2,2;Spar;Baku;East
835;27.04.2023;P10;S5;C145;4;4,95;0,05;Male;18-25;Red Bull 250ml;Beverage;Red Bull;1,7;Spar;Baku;East
889;05.03.2024;P2;S5;C33;4;7,37;0,1;Female;36-50;Azərsun Günəbaxan Yağı 1L;Grocery;Azersun;2,5;Spar;Baku;East
927;06.07.2024;P2;S5;C126;4;6,89;0,1;Male;50+;Azərsun Günəbaxan Yağı 1L;Grocery;Azersun;2,5;Spar;Baku;East
941;17.12.2023;P4;S5;C219;4;8,77;0,05;Male;26-35;Savalan Toyuq filesi;Meat;Savalan;4,5;Spar;Baku;East
987;31.12.2023;P10;S5;C100;4;3,61;0,15;Male;36-50;Red Bull 250ml;Beverage;Red Bull;1,7;Spar;Baku;East
1018;18.07.2023;P8;S5;C77;4;5,97;0,05;Male;26-35;Natura Yumurta 10 ədəd;Dairy;Natura;2,2;Spar;Baku;East
1053;25.06.2023;P6;S5;C166;4;2,2;0,15;Female;36-50;Çudo Şokoladlı desert;Snack;Çudo;1;Spar;Baku;East
1055;21.10.2024;P3;S5;C256;4;2,53;0,05;Female;18-25;Milla Süd 1L;Dairy;Milla;1,2;Spar;Baku;East
1083;13.02.2024;P3;S5;C35;4;2,34;0,15;Male;26-35;Milla Süd 1L;Dairy;Milla;1,2;Spar;Baku;East
1110;12.03.2024;P2;S5;C14;4;5,27;0,15;Female;18-25;Azərsun Günəbaxan Yağı 1L;Grocery;Azersun;2,5;Spar;Baku;East
1116;30.01.2024;P4;S5;C26;4;8,78;0,05;Male;50+;Savalan Toyuq filesi;Meat;Savalan;4,5;Spar;Baku;East
1133;02.09.2023;P10;S5;C282;4;4,25;0;Female;18-25;Red Bull 250ml;Beverage;Red Bull;1,7;Spar;Baku;East
1142;01.09.2023;P10;S5;C107;4;2,59;0,1;Male;36-50;Red Bull 250ml;Beverage;Red Bull;1,7;Spar;Baku;East
1174;10.04.2024;P5;S5;C16;4;2,97;0;Male;18-25;Bizim Tarla Pomidor konservi;Canned;Bizim Tarla;1,5;Spar;Baku;East
1214;31.10.2023;P3;S5;C271;4;2,65;0;Male;26-35;Milla Süd 1L;Dairy;Milla;1,2;Spar;Baku;East
1272;24.06.2023;P10;S5;C195;4;4,78;0,1;Male;36-50;Red Bull 250ml;Beverage;Red Bull;1,7;Spar;Baku;East
1365;06.11.2023;P9;S5;C239;4;7,7;0,15;Male;18-25;Pringles Chips;Snack;Pringles;2,8;Spar;Baku;East
1366;20.03.2024;P2;S5;C162;4;4,3;0;Female;18-25;Azərsun Günəbaxan Yağı 1L;Grocery;Azersun;2,5;Spar;Baku;East
1367;07.02.2023;P2;S5;C9;4;5,9;0;Female;18-25;Azərsun Günəbaxan Yağı 1L;Grocery;Azersun;2,5;Spar;Baku;East
1418;28.12.2023;P5;S5;C152;4;2,55;0;Male;26-35;Bizim Tarla Pomidor konservi;Canned;Bizim Tarla;1,5;Spar;Baku;East
1467;02.08.2024;P9;S5;C12;4;4,48;0;Female;50+;Pringles Chips;Snack;Pringles;2,8;Spar;Baku;East
1499;07.03.2023;P4;S5;C114;4;8,83;0,15;Female;18-25;Savalan Toyuq filesi;Meat;Savalan;4,5;Spar;Baku;East
1505;06.03.2023;P9;S5;C192;4;5,1;0,1;Female;26-35;Pringles Chips;Snack;Pringles;2,8;Spar;Baku;East
1565;10.01.2024;P4;S5;C195;4;7,5;0,05;Male;36-50;Savalan Toyuq filesi;Meat;Savalan;4,5;Spar;Baku;East
1602;01.05.2023;P7;S5;C8;4;0,61;0,15;Female;26-35;Sərin Çörək;Bakery;Local;0,4;Spar;Baku;East
1637;22.05.2023;P2;S5;C153;4;7,48;0,15;Male;18-25;Azərsun Günəbaxan Yağı 1L;Grocery;Azersun;2,5;Spar;Baku;East
1650;25.09.2024;P8;S5;C192;4;3,46;0,05;Female;26-35;Natura Yumurta 10 ədəd;Dairy;Natura;2,2;Spar;Baku;East
1667;04.05.2023;P3;S5;C250;4;3,2;0;Male;36-50;Milla Süd 1L;Dairy;Milla;1,2;Spar;Baku;East
1669;30.01.2024;P6;S5;C173;4;2,79;0;Female;26-35;Çudo Şokoladlı desert;Snack;Çudo;1;Spar;Baku;East
1690;25.07.2024;P2;S5;C261;4;5,74;0,1;Male;36-50;Azərsun Günəbaxan Yağı 1L;Grocery;Azersun;2,5;Spar;Baku;East
1709;01.12.2024;P2;S5;C159;4;6,99;0,05;Female;18-25;Azərsun Günəbaxan Yağı 1L;Grocery;Azersun;2,5;Spar;Baku;East
1765;30.12.2024;P3;S5;C91;4;2,26;0;Male;36-50;Milla Süd 1L;Dairy;Milla;1,2;Spar;Baku;East
1770;01.01.2024;P1;S5;C250;4;1,93;0,15;Male;36-50;Coca-Cola 1L;Beverage;Coca-Cola;0,8;Spar;Baku;East
1774;24.05.2024;P10;S5;C190;4;2,6;0,15;Female;18-25;Red Bull 250ml;Beverage;Red Bull;1,7;Spar;Baku;East
1816;04.06.2024;P6;S5;C218;4;2,65;0,1;Female;36-50;Çudo Şokoladlı desert;Snack;Çudo;1;Spar;Baku;East
1822;13.08.2024;P5;S5;C163;4;2,87;0;Male;36-50;Bizim Tarla Pomidor konservi;Canned;Bizim Tarla;1,5;Spar;Baku;East
1844;26.01.2023;P2;S5;C218;4;4,51;0,15;Female;36-50;Azərsun Günəbaxan Yağı 1L;Grocery;Azersun;2,5;Spar;Baku;East
1877;29.07.2023;P9;S5;C108;4;4,8;0,05;Male;26-35;Pringles Chips;Snack;Pringles;2,8;Spar;Baku;East
1917;07.08.2023;P5;S5;C288;4;4,26;0;Male;50+;Bizim Tarla Pomidor konservi;Canned;Bizim Tarla;1,5;Spar;Baku;East
1927;23.04.2023;P3;S5;C108;4;3,06;0;Male;26-35;Milla Süd 1L;Dairy;Milla;1,2;Spar;Baku;East
1940;18.10.2023;P2;S5;C112;4;4,62;0,15;Female;26-35;Azərsun Günəbaxan Yağı 1L;Grocery;Azersun;2,5;Spar;Baku;East
1952;03.04.2023;P10;S5;C71;4;2,67;0;Female;36-50;Red Bull 250ml;Beverage;Red Bull;1,7;Spar;Baku;East
1964;10.05.2024;P9;S5;C212;4;6,99;0,05;Male;26-35;Pringles Chips;Snack;Pringles;2,8;Spar;Baku;East
1976;30.06.2024;P2;S5;C217;4;3,95;0,15;Female;26-35;Azərsun Günəbaxan Yağı 1L;Grocery;Azersun;2,5;Spar;Baku;East
1994;07.04.2023;P3;S5;C147;4;2,93;0,1;Male;36-50;Milla Süd 1L;Dairy;Milla;1,2;Spar;Baku;East
100;27.05.2023;P5;S5;C18;1;3,18;0,05;Female;18-25;Bizim Tarla Pomidor konservi;Canned;Bizim Tarla;1,5;Spar;Baku;East
65;01.08.2024;P1;S5;C49;1;2,06;0,05;Female;50+;Coca-Cola 1L;Beverage;Coca-Cola;0,8;Spar;Baku;East
153;14.03.2023;P5;S5;C187;1;3;0,1;Male;26-35;Bizim Tarla Pomidor konservi;Canned;Bizim Tarla;1,5;Spar;Baku;East
328;19.05.2023;P4;S5;C85;1;7,56;0,05;Male;18-25;Savalan Toyuq filesi;Meat;Savalan;4,5;Spar;Baku;East
329;03.10.2023;P8;S5;C256;1;5,84;0;Female;18-25;Natura Yumurta 10 ədəd;Dairy;Natura;2,2;Spar;Baku;East
333;25.12.2023;P1;S5;C47;1;1,28;0,05;Female;26-35;Coca-Cola 1L;Beverage;Coca-Cola;0,8;Spar;Baku;East
344;28.03.2024;P6;S5;C182;1;2,84;0,15;Female;18-25;Çudo Şokoladlı desert;Snack;Çudo;1;Spar;Baku;East
351;16.05.2023;P7;S5;C105;1;0,9;0,1;Female;50+;Sərin Çörək;Bakery;Local;0,4;Spar;Baku;East
356;18.10.2024;P6;S5;C84;1;2,6;0,05;Male;26-35;Çudo Şokoladlı desert;Snack;Çudo;1;Spar;Baku;East
359;17.07.2023;P2;S5;C81;1;6,16;0,05;Female;50+;Azərsun Günəbaxan Yağı 1L;Grocery;Azersun;2,5;Spar;Baku;East
362;25.12.2023;P6;S5;C66;1;2,06;0;Male;26-35;Çudo Şokoladlı desert;Snack;Çudo;1;Spar;Baku;East
363;01.05.2024;P9;S5;C55;1;8,13;0;Male;36-50;Pringles Chips;Snack;Pringles;2,8;Spar;Baku;East
364;06.04.2023;P6;S5;C230;1;2,81;0,1;Male;18-25;Çudo Şokoladlı desert;Snack;Çudo;1;Spar;Baku;East
370;16.10.2024;P4;S5;C187;1;8,87;0,1;Male;26-35;Savalan Toyuq filesi;Meat;Savalan;4,5;Spar;Baku;East
373;23.04.2023;P8;S5;C36;1;5,53;0,15;Male;18-25;Natura Yumurta 10 ədəd;Dairy;Natura;2,2;Spar;Baku;East
375;29.09.2024;P3;S5;C289;1;2,9;0;Female;36-50;Milla Süd 1L;Dairy;Milla;1,2;Spar;Baku;East
379;03.07.2024;P2;S5;C76;1;3,82;0,15;Male;36-50;Azərsun Günəbaxan Yağı 1L;Grocery;Azersun;2,5;Spar;Baku;East
380;17.12.2023;P8;S5;C173;1;4,11;0;Female;26-35;Natura Yumurta 10 ədəd;Dairy;Natura;2,2;Spar;Baku;East
404;27.08.2023;P7;S5;C180;1;0,71;0;Female;50+;Sərin Çörək;Bakery;Local;0,4;Spar;Baku;East
409;20.01.2024;P9;S5;C134;1;7,1;0,15;Male;18-25;Pringles Chips;Snack;Pringles;2,8;Spar;Baku;East
411;15.07.2024;P5;S5;C49;1;3,79;0,05;Female;50+;Bizim Tarla Pomidor konservi;Canned;Bizim Tarla;1,5;Spar;Baku;East
425;01.10.2023;P2;S5;C258;1;7,31;0,1;Female;50+;Azərsun Günəbaxan Yağı 1L;Grocery;Azersun;2,5;Spar;Baku;East
426;09.08.2024;P3;S5;C103;1;3,21;0;Female;26-35;Milla Süd 1L;Dairy;Milla;1,2;Spar;Baku;East
429;09.11.2023;P10;S5;C188;1;3,78;0,05;Female;18-25;Red Bull 250ml;Beverage;Red Bull;1,7;Spar;Baku;East
432;10.03.2024;P7;S5;C75;1;0,95;0,1;Female;50+;Sərin Çörək;Bakery;Local;0,4;Spar;Baku;East
437;16.02.2023;P6;S5;C245;1;2,98;0;Male;26-35;Çudo Şokoladlı desert;Snack;Çudo;1;Spar;Baku;East
441;14.05.2023;P7;S5;C88;1;1,12;0;Male;50+;Sərin Çörək;Bakery;Local;0,4;Spar;Baku;East
445;17.12.2023;P7;S5;C244;1;1,19;0;Female;36-50;Sərin Çörək;Bakery;Local;0,4;Spar;Baku;East
446;14.03.2024;P2;S5;C15;1;7,41;0,1;Male;50+;Azərsun Günəbaxan Yağı 1L;Grocery;Azersun;2,5;Spar;Baku;East
455;05.06.2024;P4;S5;C263;1;12,53;0,15;Male;26-35;Savalan Toyuq filesi;Meat;Savalan;4,5;Spar;Baku;East
458;06.06.2024;P2;S5;C140;1;4,15;0,1;Male;26-35;Azərsun Günəbaxan Yağı 1L;Grocery;Azersun;2,5;Spar;Baku;East
461;22.07.2023;P6;S5;C46;1;1,64;0,1;Female;36-50;Çudo Şokoladlı desert;Snack;Çudo;1;Spar;Baku;East
466;13.11.2023;P4;S5;C238;1;10,37;0,05;Female;50+;Savalan Toyuq filesi;Meat;Savalan;4,5;Spar;Baku;East
469;28.10.2023;P2;S5;C202;1;6,21;0,15;Male;36-50;Azərsun Günəbaxan Yağı 1L;Grocery;Azersun;2,5;Spar;Baku;East
480;31.03.2024;P4;S5;C273;1;8,83;0,15;Female;50+;Savalan Toyuq filesi;Meat;Savalan;4,5;Spar;Baku;East
482;16.11.2023;P2;S5;C221;1;7,41;0,15;Female;50+;Azərsun Günəbaxan Yağı 1L;Grocery;Azersun;2,5;Spar;Baku;East
485;26.01.2023;P9;S5;C137;1;4,66;0,05;Male;50+;Pringles Chips;Snack;Pringles;2,8;Spar;Baku;East
488;21.08.2024;P6;S5;C140;1;2,3;0,05;Male;26-35;Çudo Şokoladlı desert;Snack;Çudo;1;Spar;Baku;East
494;17.09.2023;P2;S5;C20;1;4,51;0;Male;50+;Azərsun Günəbaxan Yağı 1L;Grocery;Azersun;2,5;Spar;Baku;East
512;30.04.2023;P9;S5;C211;1;7,12;0,15;Male;18-25;Pringles Chips;Snack;Pringles;2,8;Spar;Baku;East
519;01.05.2023;P10;S5;C244;1;3,48;0;Female;36-50;Red Bull 250ml;Beverage;Red Bull;1,7;Spar;Baku;East
527;01.09.2023;P10;S5;C76;1;4,7;0;Male;36-50;Red Bull 250ml;Beverage;Red Bull;1,7;Spar;Baku;East
528;27.11.2024;P2;S5;C59;1;5,94;0,15;Female;50+;Azərsun Günəbaxan Yağı 1L;Grocery;Azersun;2,5;Spar;Baku;East
530;12.03.2024;P4;S5;C260;1;7,67;0,15;Female;36-50;Savalan Toyuq filesi;Meat;Savalan;4,5;Spar;Baku;East
542;06.05.2024;P8;S5;C219;1;4,55;0,15;Male;26-35;Natura Yumurta 10 ədəd;Dairy;Natura;2,2;Spar;Baku;East
544;17.12.2023;P6;S5;C140;1;2,08;0;Male;26-35;Çudo Şokoladlı desert;Snack;Çudo;1;Spar;Baku;East
547;25.07.2023;P6;S5;C6;1;1,65;0,1;Male;18-25;Çudo Şokoladlı desert;Snack;Çudo;1;Spar;Baku;East
550;17.07.2024;P3;S5;C87;1;3,29;0,05;Female;18-25;Milla Süd 1L;Dairy;Milla;1,2;Spar;Baku;East
566;03.10.2023;P9;S5;C140;1;7,51;0,15;Male;26-35;Pringles Chips;Snack;Pringles;2,8;Spar;Baku;East
569;09.04.2023;P7;S5;C213;1;0,67;0,1;Male;36-50;Sərin Çörək;Bakery;Local;0,4;Spar;Baku;East
578;04.06.2024;P7;S5;C220;1;0,8;0,05;Male;36-50;Sərin Çörək;Bakery;Local;0,4;Spar;Baku;East
580;04.07.2024;P8;S5;C25;1;5,71;0,05;Female;18-25;Natura Yumurta 10 ədəd;Dairy;Natura;2,2;Spar;Baku;East
585;31.03.2023;P9;S5;C110;1;6,3;0,05;Female;36-50;Pringles Chips;Snack;Pringles;2,8;Spar;Baku;East
586;10.04.2023;P3;S5;C100;1;3,23;0,05;Male;36-50;Milla Süd 1L;Dairy;Milla;1,2;Spar;Baku;East
590;14.10.2023;P6;S5;C200;1;1,76;0;Female;18-25;Çudo Şokoladlı desert;Snack;Çudo;1;Spar;Baku;East
595;07.03.2024;P2;S5;C125;1;7,32;0;Male;18-25;Azərsun Günəbaxan Yağı 1L;Grocery;Azersun;2,5;Spar;Baku;East
600;19.08.2023;P4;S5;C175;1;9,88;0,15;Female;36-50;Savalan Toyuq filesi;Meat;Savalan;4,5;Spar;Baku;East
606;26.08.2023;P4;S5;C105;1;12,59;0,05;Female;50+;Savalan Toyuq filesi;Meat;Savalan;4,5;Spar;Baku;East
610;03.03.2024;P5;S5;C51;1;2,84;0,15;Female;36-50;Bizim Tarla Pomidor konservi;Canned;Bizim Tarla;1,5;Spar;Baku;East
611;02.11.2024;P7;S5;C298;1;1,08;0,05;Female;36-50;Sərin Çörək;Bakery;Local;0,4;Spar;Baku;East
617;05.07.2024;P1;S5;C4;1;1,24;0,15;Male;18-25;Coca-Cola 1L;Beverage;Coca-Cola;0,8;Spar;Baku;East
618;04.04.2023;P8;S5;C99;1;6,17;0,05;Male;50+;Natura Yumurta 10 ədəd;Dairy;Natura;2,2;Spar;Baku;East
624;18.05.2023;P3;S5;C91;1;3,1;0,05;Male;36-50;Milla Süd 1L;Dairy;Milla;1,2;Spar;Baku;East
634;11.03.2024;P9;S5;C22;1;7,09;0,15;Male;36-50;Pringles Chips;Snack;Pringles;2,8;Spar;Baku;East
635;20.01.2023;P6;S5;C138;1;2,16;0,05;Male;26-35;Çudo Şokoladlı desert;Snack;Çudo;1;Spar;Baku;East
637;20.03.2024;P4;S5;C117;1;10,37;0,15;Male;18-25;Savalan Toyuq filesi;Meat;Savalan;4,5;Spar;Baku;East
647;06.11.2024;P10;S5;C206;1;4,61;0,15;Female;36-50;Red Bull 250ml;Beverage;Red Bull;1,7;Spar;Baku;East
649;07.12.2023;P8;S5;C248;1;4,31;0,1;Male;36-50;Natura Yumurta 10 ədəd;Dairy;Natura;2,2;Spar;Baku;East
653;17.06.2024;P6;S5;C221;1;2,85;0,05;Female;50+;Çudo Şokoladlı desert;Snack;Çudo;1;Spar;Baku;East
657;27.04.2023;P7;S5;C183;1;0,83;0,1;Male;50+;Sərin Çörək;Bakery;Local;0,4;Spar;Baku;East
658;22.06.2023;P10;S5;C85;1;4,84;0,15;Male;18-25;Red Bull 250ml;Beverage;Red Bull;1,7;Spar;Baku;East
664;14.05.2023;P2;S5;C240;1;4,36;0,05;Male;26-35;Azərsun Günəbaxan Yağı 1L;Grocery;Azersun;2,5;Spar;Baku;East
666;29.05.2024;P4;S5;C233;1;13,05;0,1;Male;26-35;Savalan Toyuq filesi;Meat;Savalan;4,5;Spar;Baku;East
676;04.10.2023;P2;S5;C161;1;6,71;0,1;Male;18-25;Azərsun Günəbaxan Yağı 1L;Grocery;Azersun;2,5;Spar;Baku;East
682;20.08.2023;P9;S5;C236;1;7,24;0;Female;26-35;Pringles Chips;Snack;Pringles;2,8;Spar;Baku;East
685;22.02.2024;P5;S5;C154;1;3,6;0,05;Male;26-35;Bizim Tarla Pomidor konservi;Canned;Bizim Tarla;1,5;Spar;Baku;East
695;22.02.2024;P5;S5;C186;1;2,54;0,15;Male;50+;Bizim Tarla Pomidor konservi;Canned;Bizim Tarla;1,5;Spar;Baku;East
700;14.05.2024;P10;S5;C33;1;4,58;0;Female;36-50;Red Bull 250ml;Beverage;Red Bull;1,7;Spar;Baku;East
707;04.10.2024;P7;S5;C229;1;0,85;0,05;Female;18-25;Sərin Çörək;Bakery;Local;0,4;Spar;Baku;East
710;20.02.2024;P4;S5;C98;1;10,85;0;Male;26-35;Savalan Toyuq filesi;Meat;Savalan;4,5;Spar;Baku;East
714;24.08.2023;P10;S5;C257;1;4,78;0,15;Female;26-35;Red Bull 250ml;Beverage;Red Bull;1,7;Spar;Baku;East
716;20.08.2023;P6;S5;C82;1;2,79;0;Female;50+;Çudo Şokoladlı desert;Snack;Çudo;1;Spar;Baku;East
717;30.10.2024;P7;S5;C71;1;1,06;0;Female;36-50;Sərin Çörək;Bakery;Local;0,4;Spar;Baku;East
721;05.10.2023;P6;S5;C157;1;2,19;0;Male;36-50;Çudo Şokoladlı desert;Snack;Çudo;1;Spar;Baku;East
723;14.02.2024;P2;S5;C212;1;7,3;0,15;Male;26-35;Azərsun Günəbaxan Yağı 1L;Grocery;Azersun;2,5;Spar;Baku;East
726;12.05.2023;P10;S5;C121;1;4,65;0,1;Male;26-35;Red Bull 250ml;Beverage;Red Bull;1,7;Spar;Baku;East
728;20.05.2024;P1;S5;C149;1;2,26;0,15;Male;50+;Coca-Cola 1L;Beverage;Coca-Cola;0,8;Spar;Baku;East
735;13.12.2023;P2;S5;C64;1;5,28;0;Male;36-50;Azərsun Günəbaxan Yağı 1L;Grocery;Azersun;2,5;Spar;Baku;East
746;07.08.2024;P8;S5;C23;1;4,27;0,1;Female;18-25;Natura Yumurta 10 ədəd;Dairy;Natura;2,2;Spar;Baku;East
748;17.09.2024;P1;S5;C6;1;1,22;0,1;Male;18-25;Coca-Cola 1L;Beverage;Coca-Cola;0,8;Spar;Baku;East
754;10.02.2023;P4;S5;C7;1;8,95;0,15;Male;26-35;Savalan Toyuq filesi;Meat;Savalan;4,5;Spar;Baku;East
755;18.05.2024;P3;S5;C296;1;3,46;0,1;Female;36-50;Milla Süd 1L;Dairy;Milla;1,2;Spar;Baku;East
772;08.10.2024;P7;S5;C256;1;0,86;0,1;Female;18-25;Sərin Çörək;Bakery;Local;0,4;Spar;Baku;East
783;06.08.2024;P9;S5;C245;1;4,94;0,1;Male;26-35;Pringles Chips;Snack;Pringles;2,8;Spar;Baku;East
786;19.08.2023;P2;S5;C154;1;4,11;0,15;Male;26-35;Azərsun Günəbaxan Yağı 1L;Grocery;Azersun;2,5;Spar;Baku;East
794;15.05.2024;P1;S5;C22;1;1,9;0;Male;36-50;Coca-Cola 1L;Beverage;Coca-Cola;0,8;Spar;Baku;East
799;20.04.2024;P4;S5;C53;1;10,76;0,15;Female;50+;Savalan Toyuq filesi;Meat;Savalan;4,5;Spar;Baku;East
803;10.10.2024;P5;S5;C54;1;4,07;0,1;Female;36-50;Bizim Tarla Pomidor konservi;Canned;Bizim Tarla;1,5;Spar;Baku;East
807;17.02.2024;P4;S5;C106;1;9,88;0,15;Male;36-50;Savalan Toyuq filesi;Meat;Savalan;4,5;Spar;Baku;East
808;11.02.2023;P10;S5;C189;1;4,74;0,1;Male;18-25;Red Bull 250ml;Beverage;Red Bull;1,7;Spar;Baku;East
811;02.04.2024;P4;S5;C161;1;11,86;0;Male;18-25;Savalan Toyuq filesi;Meat;Savalan;4,5;Spar;Baku;East
821;11.02.2023;P5;S5;C298;1;2,26;0,1;Female;36-50;Bizim Tarla Pomidor konservi;Canned;Bizim Tarla;1,5;Spar;Baku;East
834;29.06.2023;P4;S5;C137;1;9,12;0,05;Male;50+;Savalan Toyuq filesi;Meat;Savalan;4,5;Spar;Baku;East
836;31.01.2024;P7;S5;C123;1;0,91;0,05;Female;36-50;Sərin Çörək;Bakery;Local;0,4;Spar;Baku;East
837;10.02.2024;P6;S5;C276;1;2,06;0,15;Female;50+;Çudo Şokoladlı desert;Snack;Çudo;1;Spar;Baku;East
864;30.04.2024;P7;S5;C148;1;0,64;0,1;Female;36-50;Sərin Çörək;Bakery;Local;0,4;Spar;Baku;East
883;07.05.2024;P8;S5;C297;1;5,19;0,05;Male;50+;Natura Yumurta 10 ədəd;Dairy;Natura;2,2;Spar;Baku;East
892;17.12.2023;P10;S5;C230;1;4,87;0,05;Male;18-25;Red Bull 250ml;Beverage;Red Bull;1,7;Spar;Baku;East
986;17.12.2023;P8;S5;C142;1;4,13;0,15;Male;18-25;Natura Yumurta 10 ədəd;Dairy;Natura;2,2;Spar;Baku;East
1017;25.05.2023;P4;S5;C220;1;8,02;0;Male;36-50;Savalan Toyuq filesi;Meat;Savalan;4,5;Spar;Baku;East
1020;27.09.2024;P9;S5;C240;1;8,03;0,1;Male;26-35;Pringles Chips;Snack;Pringles;2,8;Spar;Baku;East
1074;01.07.2023;P6;S5;C111;1;2,9;0;Female;18-25;Çudo Şokoladlı desert;Snack;Çudo;1;Spar;Baku;East
1089;01.01.2024;P8;S5;C215;1;3,59;0,15;Female;36-50;Natura Yumurta 10 ədəd;Dairy;Natura;2,2;Spar;Baku;East
1092;16.05.2024;P6;S5;C130;1;2,83;0,05;Female;26-35;Çudo Şokoladlı desert;Snack;Çudo;1;Spar;Baku;East
1093;14.09.2024;P3;S5;C206;1;1,84;0;Female;36-50;Milla Süd 1L;Dairy;Milla;1,2;Spar;Baku;East
1120;16.12.2023;P4;S5;C283;1;12,71;0,15;Male;26-35;Savalan Toyuq filesi;Meat;Savalan;4,5;Spar;Baku;East
1131;03.03.2024;P8;S5;C192;1;6,15;0,15;Female;26-35;Natura Yumurta 10 ədəd;Dairy;Natura;2,2;Spar;Baku;East
1134;13.07.2023;P3;S5;C32;1;3,1;0,15;Female;26-35;Milla Süd 1L;Dairy;Milla;1,2;Spar;Baku;East
1167;23.12.2023;P10;S5;C172;1;3,92;0,15;Male;36-50;Red Bull 250ml;Beverage;Red Bull;1,7;Spar;Baku;East
1173;02.05.2024;P7;S5;C24;1;1,15;0;Male;50+;Sərin Çörək;Bakery;Local;0,4;Spar;Baku;East
1175;19.05.2023;P8;S5;C299;1;4,06;0,15;Female;36-50;Natura Yumurta 10 ədəd;Dairy;Natura;2,2;Spar;Baku;East
1178;25.01.2023;P3;S5;C179;1;3,38;0,15;Female;18-25;Milla Süd 1L;Dairy;Milla;1,2;Spar;Baku;East
1215;09.09.2023;P4;S5;C160;1;11,71;0,15;Male;26-35;Savalan Toyuq filesi;Meat;Savalan;4,5;Spar;Baku;East
1217;09.08.2023;P8;S5;C171;1;3,51;0,15;Male;36-50;Natura Yumurta 10 ədəd;Dairy;Natura;2,2;Spar;Baku;East
1233;28.03.2023;P4;S5;C60;1;8,45;0;Male;26-35;Savalan Toyuq filesi;Meat;Savalan;4,5;Spar;Baku;East
1238;18.03.2024;P3;S5;C204;1;2,48;0,05;Male;26-35;Milla Süd 1L;Dairy;Milla;1,2;Spar;Baku;East
1260;14.05.2023;P7;S5;C91;1;0,67;0,1;Male;36-50;Sərin Çörək;Bakery;Local;0,4;Spar;Baku;East
1268;14.11.2023;P6;S5;C131;1;1,73;0,15;Female;36-50;Çudo Şokoladlı desert;Snack;Çudo;1;Spar;Baku;East
1325;22.01.2023;P5;S5;C268;1;2,46;0,1;Female;26-35;Bizim Tarla Pomidor konservi;Canned;Bizim Tarla;1,5;Spar;Baku;East
1332;16.06.2023;P10;S5;C193;1;3,7;0,05;Male;18-25;Red Bull 250ml;Beverage;Red Bull;1,7;Spar;Baku;East
1342;10.02.2023;P10;S5;C216;1;4,24;0,05;Female;18-25;Red Bull 250ml;Beverage;Red Bull;1,7;Spar;Baku;East
1354;01.02.2024;P10;S5;C234;1;2,96;0;Male;50+;Red Bull 250ml;Beverage;Red Bull;1,7;Spar;Baku;East
1385;17.10.2024;P10;S5;C86;1;2,65;0,05;Female;36-50;Red Bull 250ml;Beverage;Red Bull;1,7;Spar;Baku;East
1427;01.12.2023;P10;S5;C89;1;3,09;0,05;Female;50+;Red Bull 250ml;Beverage;Red Bull;1,7;Spar;Baku;East
1460;31.05.2023;P5;S5;C75;1;4,4;0,05;Female;50+;Bizim Tarla Pomidor konservi;Canned;Bizim Tarla;1,5;Spar;Baku;East
1493;13.03.2024;P10;S5;C48;1;4,35;0,1;Male;18-25;Red Bull 250ml;Beverage;Red Bull;1,7;Spar;Baku;East
1536;19.12.2023;P1;S5;C158;1;1,98;0,15;Female;26-35;Coca-Cola 1L;Beverage;Coca-Cola;0,8;Spar;Baku;East
1556;24.03.2024;P2;S5;C68;1;5,04;0,15;Female;18-25;Azərsun Günəbaxan Yağı 1L;Grocery;Azersun;2,5;Spar;Baku;East
1598;17.10.2023;P7;S5;C98;1;0,85;0,15;Male;26-35;Sərin Çörək;Bakery;Local;0,4;Spar;Baku;East
1641;24.04.2023;P10;S5;C104;1;3,86;0,1;Male;36-50;Red Bull 250ml;Beverage;Red Bull;1,7;Spar;Baku;East
1672;06.12.2023;P3;S5;C189;1;3,1;0,05;Male;18-25;Milla Süd 1L;Dairy;Milla;1,2;Spar;Baku;East
1693;26.08.2024;P9;S5;C74;1;6,2;0;Female;26-35;Pringles Chips;Snack;Pringles;2,8;Spar;Baku;East
1715;11.08.2024;P5;S5;C275;1;3,86;0;Female;50+;Bizim Tarla Pomidor konservi;Canned;Bizim Tarla;1,5;Spar;Baku;East
1797;14.03.2024;P7;S5;C75;1;0,76;0,15;Female;50+;Sərin Çörək;Bakery;Local;0,4;Spar;Baku;East
1811;19.06.2023;P9;S5;C220;1;7,17;0,15;Male;36-50;Pringles Chips;Snack;Pringles;2,8;Spar;Baku;East
1852;31.05.2024;P1;S5;C234;1;1,7;0;Male;50+;Coca-Cola 1L;Beverage;Coca-Cola;0,8;Spar;Baku;East
1868;02.01.2023;P4;S5;C32;1;11,42;0,05;Female;26-35;Savalan Toyuq filesi;Meat;Savalan;4,5;Spar;Baku;East
1886;08.06.2023;P2;S5;C55;1;6,08;0,05;Male;36-50;Azərsun Günəbaxan Yağı 1L;Grocery;Azersun;2,5;Spar;Baku;East
1894;18.09.2024;P9;S5;C92;1;4,82;0;Male;50+;Pringles Chips;Snack;Pringles;2,8;Spar;Baku;East
1923;27.04.2023;P9;S5;C110;1;8,22;0,15;Female;36-50;Pringles Chips;Snack;Pringles;2,8;Spar;Baku;East
1928;12.07.2024;P2;S5;C50;1;6,28;0;Male;50+;Azərsun Günəbaxan Yağı 1L;Grocery;Azersun;2,5;Spar;Baku;East
1958;20.03.2023;P8;S5;C83;1;4,36;0,1;Female;26-35;Natura Yumurta 10 ədəd;Dairy;Natura;2,2;Spar;Baku;East
1965;28.03.2024;P10;S5;C77;1;3,44;0,1;Male;26-35;Red Bull 250ml;Beverage;Red Bull;1,7;Spar;Baku;East
1979;12.02.2024;P6;S5;C266;1;2,54;0;Male;18-25;Çudo Şokoladlı desert;Snack;Çudo;1;Spar;Baku;East
1997;13.04.2024;P8;S5;C182;1;6,39;0,15;Female;18-25;Natura Yumurta 10 ədəd;Dairy;Natura;2,2;Spar;Baku;East
149;01.11.2024;P4;S5;C155;3;13,06;0;Female;36-50;Savalan Toyuq filesi;Meat;Savalan;4,5;Spar;Baku;East
74;10.07.2023;P9;S5;C21;3;7,61;0,1;Male;18-25;Pringles Chips;Snack;Pringles;2,8;Spar;Baku;East
114;21.02.2024;P7;S5;C198;3;0,98;0,05;Female;18-25;Sərin Çörək;Bakery;Local;0,4;Spar;Baku;East
60;02.03.2024;P4;S5;C271;3;11,88;0,15;Male;26-35;Savalan Toyuq filesi;Meat;Savalan;4,5;Spar;Baku;East
92;20.07.2023;P7;S5;C144;3;0,75;0,15;Male;50+;Sərin Çörək;Bakery;Local;0,4;Spar;Baku;East
67;07.01.2023;P1;S5;C134;3;1,75;0,15;Male;18-25;Coca-Cola 1L;Beverage;Coca-Cola;0,8;Spar;Baku;East
125;18.07.2024;P6;S5;C78;3;2,21;0,15;Female;36-50;Çudo Şokoladlı desert;Snack;Çudo;1;Spar;Baku;East
311;18.09.2024;P4;S5;C166;3;7,04;0,15;Female;36-50;Savalan Toyuq filesi;Meat;Savalan;4,5;Spar;Baku;East
312;15.06.2024;P10;S5;C103;3;2,99;0,05;Female;26-35;Red Bull 250ml;Beverage;Red Bull;1,7;Spar;Baku;East
317;15.06.2023;P1;S5;C30;3;2,12;0;Female;50+;Coca-Cola 1L;Beverage;Coca-Cola;0,8;Spar;Baku;East
321;14.10.2024;P2;S5;C18;3;4,86;0,05;Female;18-25;Azərsun Günəbaxan Yağı 1L;Grocery;Azersun;2,5;Spar;Baku;East
323;19.10.2024;P7;S5;C256;3;0,72;0,05;Female;18-25;Sərin Çörək;Bakery;Local;0,4;Spar;Baku;East
327;15.01.2024;P5;S5;C39;3;4,36;0,05;Male;26-35;Bizim Tarla Pomidor konservi;Canned;Bizim Tarla;1,5;Spar;Baku;East
335;06.04.2024;P3;S5;C175;3;2,74;0,1;Female;36-50;Milla Süd 1L;Dairy;Milla;1,2;Spar;Baku;East
336;24.10.2023;P1;S5;C49;3;1,3;0,15;Female;50+;Coca-Cola 1L;Beverage;Coca-Cola;0,8;Spar;Baku;East
339;01.01.2024;P1;S5;C180;3;2,34;0,05;Female;50+;Coca-Cola 1L;Beverage;Coca-Cola;0,8;Spar;Baku;East
342;18.08.2024;P1;S5;C115;3;1,44;0,1;Male;26-35;Coca-Cola 1L;Beverage;Coca-Cola;0,8;Spar;Baku;East
343;16.03.2024;P5;S5;C273;3;2,53;0;Female;50+;Bizim Tarla Pomidor konservi;Canned;Bizim Tarla;1,5;Spar;Baku;East
354;01.04.2024;P5;S5;C169;3;3,26;0,15;Female;18-25;Bizim Tarla Pomidor konservi;Canned;Bizim Tarla;1,5;Spar;Baku;East
355;15.08.2024;P1;S5;C242;3;1,37;0,15;Female;50+;Coca-Cola 1L;Beverage;Coca-Cola;0,8;Spar;Baku;East
358;05.01.2023;P4;S5;C212;3;11,82;0;Male;26-35;Savalan Toyuq filesi;Meat;Savalan;4,5;Spar;Baku;East
360;01.05.2023;P1;S5;C260;3;1,27;0,15;Female;36-50;Coca-Cola 1L;Beverage;Coca-Cola;0,8;Spar;Baku;East
367;27.01.2023;P7;S5;C185;3;0,78;0,1;Male;26-35;Sərin Çörək;Bakery;Local;0,4;Spar;Baku;East
369;31.10.2024;P7;S5;C59;3;0,82;0;Female;50+;Sərin Çörək;Bakery;Local;0,4;Spar;Baku;East
376;06.03.2024;P4;S5;C239;3;13,2;0,1;Male;18-25;Savalan Toyuq filesi;Meat;Savalan;4,5;Spar;Baku;East
382;10.05.2023;P10;S5;C227;3;3,15;0,05;Male;36-50;Red Bull 250ml;Beverage;Red Bull;1,7;Spar;Baku;East
383;10.09.2023;P3;S5;C4;3;1,82;0;Male;18-25;Milla Süd 1L;Dairy;Milla;1,2;Spar;Baku;East
386;13.09.2024;P1;S5;C10;3;1,93;0,15;Male;18-25;Coca-Cola 1L;Beverage;Coca-Cola;0,8;Spar;Baku;East
391;04.11.2024;P6;S5;C78;3;2,88;0,15;Female;36-50;Çudo Şokoladlı desert;Snack;Çudo;1;Spar;Baku;East
392;13.09.2023;P2;S5;C268;3;4,68;0,05;Female;26-35;Azərsun Günəbaxan Yağı 1L;Grocery;Azersun;2,5;Spar;Baku;East
398;18.06.2023;P8;S5;C214;3;6,45;0;Male;36-50;Natura Yumurta 10 ədəd;Dairy;Natura;2,2;Spar;Baku;East
403;11.11.2023;P3;S5;C220;3;2,83;0,1;Male;36-50;Milla Süd 1L;Dairy;Milla;1,2;Spar;Baku;East
412;10.04.2024;P1;S5;C193;3;1,28;0,1;Male;18-25;Coca-Cola 1L;Beverage;Coca-Cola;0,8;Spar;Baku;East
413;17.12.2023;P3;S5;C255;3;2,66;0,15;Female;36-50;Milla Süd 1L;Dairy;Milla;1,2;Spar;Baku;East
418;21.03.2023;P7;S5;C232;3;0,98;0,15;Female;18-25;Sərin Çörək;Bakery;Local;0,4;Spar;Baku;East
419;31.12.2023;P9;S5;C62;3;7,63;0,1;Male;36-50;Pringles Chips;Snack;Pringles;2,8;Spar;Baku;East
433;15.07.2023;P6;S5;C160;3;1,8;0;Male;26-35;Çudo Şokoladlı desert;Snack;Çudo;1;Spar;Baku;East
434;18.02.2023;P8;S5;C37;3;5,4;0;Male;50+;Natura Yumurta 10 ədəd;Dairy;Natura;2,2;Spar;Baku;East
435;25.11.2023;P10;S5;C162;3;4,71;0;Female;18-25;Red Bull 250ml;Beverage;Red Bull;1,7;Spar;Baku;East
438;30.06.2023;P2;S5;C265;3;7,23;0,15;Male;18-25;Azərsun Günəbaxan Yağı 1L;Grocery;Azersun;2,5;Spar;Baku;East
442;26.08.2023;P4;S5;C87;3;11,79;0;Female;18-25;Savalan Toyuq filesi;Meat;Savalan;4,5;Spar;Baku;East
448;17.05.2024;P7;S5;C93;3;1,06;0,15;Male;50+;Sərin Çörək;Bakery;Local;0,4;Spar;Baku;East
449;27.08.2023;P2;S5;C264;3;6,66;0;Female;36-50;Azərsun Günəbaxan Yağı 1L;Grocery;Azersun;2,5;Spar;Baku;East
457;26.05.2023;P6;S5;C146;3;2,38;0,05;Female;18-25;Çudo Şokoladlı desert;Snack;Çudo;1;Spar;Baku;East
463;06.10.2024;P7;S5;C282;3;0,95;0,05;Female;18-25;Sərin Çörək;Bakery;Local;0,4;Spar;Baku;East
465;17.12.2023;P6;S5;C238;3;2,57;0;Female;50+;Çudo Şokoladlı desert;Snack;Çudo;1;Spar;Baku;East
467;14.05.2023;P5;S5;C225;3;4,12;0,05;Male;26-35;Bizim Tarla Pomidor konservi;Canned;Bizim Tarla;1,5;Spar;Baku;East
478;05.04.2024;P6;S5;C117;3;2,02;0,05;Male;18-25;Çudo Şokoladlı desert;Snack;Çudo;1;Spar;Baku;East
517;31.03.2024;P7;S5;C84;3;1,13;0;Male;26-35;Sərin Çörək;Bakery;Local;0,4;Spar;Baku;East
524;17.12.2023;P7;S5;C42;3;0,75;0,05;Female;18-25;Sərin Çörək;Bakery;Local;0,4;Spar;Baku;East
525;03.04.2024;P1;S5;C77;3;2,04;0,05;Male;26-35;Coca-Cola 1L;Beverage;Coca-Cola;0,8;Spar;Baku;East
532;24.10.2024;P8;S5;C187;3;6,33;0,05;Male;26-35;Natura Yumurta 10 ədəd;Dairy;Natura;2,2;Spar;Baku;East
533;07.08.2023;P5;S5;C202;3;2,6;0,15;Male;36-50;Bizim Tarla Pomidor konservi;Canned;Bizim Tarla;1,5;Spar;Baku;East
535;25.10.2024;P9;S5;C217;3;6,8;0,15;Female;26-35;Pringles Chips;Snack;Pringles;2,8;Spar;Baku;East
538;25.06.2024;P5;S5;C217;3;3,53;0,05;Female;26-35;Bizim Tarla Pomidor konservi;Canned;Bizim Tarla;1,5;Spar;Baku;East
552;19.09.2023;P2;S5;C72;3;5,66;0,1;Male;26-35;Azərsun Günəbaxan Yağı 1L;Grocery;Azersun;2,5;Spar;Baku;East
554;08.10.2024;P1;S5;C249;3;1,36;0,15;Female;18-25;Coca-Cola 1L;Beverage;Coca-Cola;0,8;Spar;Baku;East
556;21.09.2024;P9;S5;C205;3;4,84;0,05;Female;36-50;Pringles Chips;Snack;Pringles;2,8;Spar;Baku;East
575;26.11.2023;P1;S5;C238;3;1,95;0,1;Female;50+;Coca-Cola 1L;Beverage;Coca-Cola;0,8;Spar;Baku;East
587;04.01.2023;P2;S5;C258;3;4,96;0,1;Female;50+;Azərsun Günəbaxan Yağı 1L;Grocery;Azersun;2,5;Spar;Baku;East
594;03.06.2024;P1;S5;C159;3;1,86;0;Female;18-25;Coca-Cola 1L;Beverage;Coca-Cola;0,8;Spar;Baku;East
602;25.02.2024;P3;S5;C228;3;2,97;0,1;Female;36-50;Milla Süd 1L;Dairy;Milla;1,2;Spar;Baku;East
604;27.11.2023;P9;S5;C27;3;6,78;0,1;Female;26-35;Pringles Chips;Snack;Pringles;2,8;Spar;Baku;East
613;18.11.2024;P5;S5;C55;3;3,05;0;Male;36-50;Bizim Tarla Pomidor konservi;Canned;Bizim Tarla;1,5;Spar;Baku;East
615;26.06.2023;P2;S5;C122;3;4,18;0,15;Male;26-35;Azərsun Günəbaxan Yağı 1L;Grocery;Azersun;2,5;Spar;Baku;East
622;21.07.2024;P10;S5;C68;3;3,37;0;Female;18-25;Red Bull 250ml;Beverage;Red Bull;1,7;Spar;Baku;East
626;07.11.2023;P6;S5;C99;3;2,7;0,05;Male;50+;Çudo Şokoladlı desert;Snack;Çudo;1;Spar;Baku;East
636;04.01.2023;P8;S5;C118;3;4,67;0,05;Female;50+;Natura Yumurta 10 ədəd;Dairy;Natura;2,2;Spar;Baku;East
639;12.11.2024;P3;S5;C18;3;3,26;0,15;Female;18-25;Milla Süd 1L;Dairy;Milla;1,2;Spar;Baku;East
645;22.10.2023;P7;S5;C278;3;0,88;0,05;Female;36-50;Sərin Çörək;Bakery;Local;0,4;Spar;Baku;East
652;05.07.2024;P2;S5;C144;3;4,97;0,15;Male;50+;Azərsun Günəbaxan Yağı 1L;Grocery;Azersun;2,5;Spar;Baku;East
655;21.02.2023;P5;S5;C289;3;2,44;0,15;Female;36-50;Bizim Tarla Pomidor konservi;Canned;Bizim Tarla;1,5;Spar;Baku;East
660;29.10.2023;P9;S5;C248;3;4,22;0,15;Male;36-50;Pringles Chips;Snack;Pringles;2,8;Spar;Baku;East
661;04.03.2024;P7;S5;C132;3;1,11;0,1;Female;36-50;Sərin Çörək;Bakery;Local;0,4;Spar;Baku;East
671;19.10.2023;P5;S5;C60;3;3,66;0;Male;26-35;Bizim Tarla Pomidor konservi;Canned;Bizim Tarla;1,5;Spar;Baku;East
675;03.04.2023;P2;S5;C136;3;6,81;0;Female;18-25;Azərsun Günəbaxan Yağı 1L;Grocery;Azersun;2,5;Spar;Baku;East
684;20.03.2024;P6;S5;C77;3;1,56;0,1;Male;26-35;Çudo Şokoladlı desert;Snack;Çudo;1;Spar;Baku;East
687;11.03.2023;P10;S5;C226;3;4,34;0;Male;26-35;Red Bull 250ml;Beverage;Red Bull;1,7;Spar;Baku;East
690;10.08.2023;P5;S5;C176;3;3,91;0,1;Female;26-35;Bizim Tarla Pomidor konservi;Canned;Bizim Tarla;1,5;Spar;Baku;East
693;14.01.2023;P9;S5;C115;3;8,23;0,1;Male;26-35;Pringles Chips;Snack;Pringles;2,8;Spar;Baku;East
697;23.12.2023;P6;S5;C157;3;2,68;0,1;Male;36-50;Çudo Şokoladlı desert;Snack;Çudo;1;Spar;Baku;East
702;08.06.2024;P1;S5;C174;3;2,1;0,15;Male;18-25;Coca-Cola 1L;Beverage;Coca-Cola;0,8;Spar;Baku;East
706;14.07.2023;P5;S5;C97;3;3,38;0,05;Female;36-50;Bizim Tarla Pomidor konservi;Canned;Bizim Tarla;1,5;Spar;Baku;East
708;05.09.2023;P5;S5;C225;3;4,43;0,05;Male;26-35;Bizim Tarla Pomidor konservi;Canned;Bizim Tarla;1,5;Spar;Baku;East
753;29.09.2024;P4;S5;C106;3;8,64;0,1;Male;36-50;Savalan Toyuq filesi;Meat;Savalan;4,5;Spar;Baku;East
757;15.10.2023;P4;S5;C103;3;7,71;0,15;Female;26-35;Savalan Toyuq filesi;Meat;Savalan;4,5;Spar;Baku;East
761;04.05.2023;P3;S5;C44;3;2,77;0,1;Male;36-50;Milla Süd 1L;Dairy;Milla;1,2;Spar;Baku;East
764;15.04.2024;P6;S5;C230;3;2,08;0,1;Male;18-25;Çudo Şokoladlı desert;Snack;Çudo;1;Spar;Baku;East
767;24.06.2024;P7;S5;C199;3;0,74;0;Female;36-50;Sərin Çörək;Bakery;Local;0,4;Spar;Baku;East
770;15.01.2023;P4;S5;C105;3;11,43;0,15;Female;50+;Savalan Toyuq filesi;Meat;Savalan;4,5;Spar;Baku;East
775;08.05.2023;P9;S5;C245;3;7,64;0,15;Male;26-35;Pringles Chips;Snack;Pringles;2,8;Spar;Baku;East
776;15.01.2024;P9;S5;C81;3;5,39;0,15;Female;50+;Pringles Chips;Snack;Pringles;2,8;Spar;Baku;East
777;15.05.2023;P7;S5;C81;3;0,68;0,05;Female;50+;Sərin Çörək;Bakery;Local;0,4;Spar;Baku;East
791;23.02.2024;P10;S5;C290;3;4,5;0;Male;26-35;Red Bull 250ml;Beverage;Red Bull;1,7;Spar;Baku;East
795;16.02.2024;P7;S5;C8;3;1,13;0,1;Female;26-35;Sərin Çörək;Bakery;Local;0,4;Spar;Baku;East
806;01.12.2023;P1;S5;C143;3;2,32;0;Female;36-50;Coca-Cola 1L;Beverage;Coca-Cola;0,8;Spar;Baku;East
810;13.11.2024;P4;S5;C106;3;12,07;0,1;Male;36-50;Savalan Toyuq filesi;Meat;Savalan;4,5;Spar;Baku;East
814;07.05.2023;P2;S5;C194;3;5,68;0,15;Male;50+;Azərsun Günəbaxan Yağı 1L;Grocery;Azersun;2,5;Spar;Baku;East
818;10.05.2023;P7;S5;C33;3;1,07;0,15;Female;36-50;Sərin Çörək;Bakery;Local;0,4;Spar;Baku;East
823;17.06.2024;P5;S5;C116;3;2,6;0,05;Male;36-50;Bizim Tarla Pomidor konservi;Canned;Bizim Tarla;1,5;Spar;Baku;East
824;02.03.2023;P2;S5;C88;3;5,98;0,15;Male;50+;Azərsun Günəbaxan Yağı 1L;Grocery;Azersun;2,5;Spar;Baku;East
826;26.12.2023;P3;S5;C87;3;3,42;0,15;Female;18-25;Milla Süd 1L;Dairy;Milla;1,2;Spar;Baku;East
833;29.12.2023;P7;S5;C234;3;0,89;0,15;Male;50+;Sərin Çörək;Bakery;Local;0,4;Spar;Baku;East
839;20.03.2024;P10;S5;C224;3;3,78;0,05;Female;50+;Red Bull 250ml;Beverage;Red Bull;1,7;Spar;Baku;East
841;01.10.2023;P5;S5;C255;3;2,43;0,15;Female;36-50;Bizim Tarla Pomidor konservi;Canned;Bizim Tarla;1,5;Spar;Baku;East
860;27.03.2024;P2;S5;C34;3;4,6;0;Female;50+;Azərsun Günəbaxan Yağı 1L;Grocery;Azersun;2,5;Spar;Baku;East
882;07.06.2024;P4;S5;C274;3;7,5;0,1;Female;36-50;Savalan Toyuq filesi;Meat;Savalan;4,5;Spar;Baku;East
886;24.08.2023;P1;S5;C5;3;2,19;0,1;Female;36-50;Coca-Cola 1L;Beverage;Coca-Cola;0,8;Spar;Baku;East
905;25.09.2023;P6;S5;C284;3;2,08;0,15;Female;18-25;Çudo Şokoladlı desert;Snack;Çudo;1;Spar;Baku;East
919;04.08.2023;P5;S5;C50;3;4,34;0,1;Male;50+;Bizim Tarla Pomidor konservi;Canned;Bizim Tarla;1,5;Spar;Baku;East
944;22.04.2024;P1;S5;C292;3;2,04;0,1;Female;50+;Coca-Cola 1L;Beverage;Coca-Cola;0,8;Spar;Baku;East
947;19.10.2023;P8;S5;C101;3;5,59;0;Female;50+;Natura Yumurta 10 ədəd;Dairy;Natura;2,2;Spar;Baku;East
973;03.08.2023;P1;S5;C36;3;2,25;0,1;Male;18-25;Coca-Cola 1L;Beverage;Coca-Cola;0,8;Spar;Baku;East
1028;25.10.2023;P10;S5;C117;3;4,13;0,05;Male;18-25;Red Bull 250ml;Beverage;Red Bull;1,7;Spar;Baku;East
1052;11.08.2023;P4;S5;C37;3;11,55;0,1;Male;50+;Savalan Toyuq filesi;Meat;Savalan;4,5;Spar;Baku;East
1057;27.03.2023;P6;S5;C64;3;2,42;0,15;Male;36-50;Çudo Şokoladlı desert;Snack;Çudo;1;Spar;Baku;East
1096;21.06.2024;P3;S5;C224;3;2,1;0;Female;50+;Milla Süd 1L;Dairy;Milla;1,2;Spar;Baku;East
1114;19.11.2024;P5;S5;C82;3;2,74;0;Female;50+;Bizim Tarla Pomidor konservi;Canned;Bizim Tarla;1,5;Spar;Baku;East
1168;06.12.2023;P8;S5;C241;3;6,39;0,1;Female;36-50;Natura Yumurta 10 ədəd;Dairy;Natura;2,2;Spar;Baku;East
1219;12.11.2024;P3;S5;C55;3;2,18;0,05;Male;36-50;Milla Süd 1L;Dairy;Milla;1,2;Spar;Baku;East
1244;16.09.2024;P3;S5;C257;3;2,26;0;Female;26-35;Milla Süd 1L;Dairy;Milla;1,2;Spar;Baku;East
1254;04.06.2023;P2;S5;C105;3;5,5;0,05;Female;50+;Azərsun Günəbaxan Yağı 1L;Grocery;Azersun;2,5;Spar;Baku;East
1255;24.03.2024;P2;S5;C154;3;3,95;0,1;Male;26-35;Azərsun Günəbaxan Yağı 1L;Grocery;Azersun;2,5;Spar;Baku;East
1308;22.12.2023;P3;S5;C276;3;3,26;0,15;Female;50+;Milla Süd 1L;Dairy;Milla;1,2;Spar;Baku;East
1353;30.03.2024;P2;S5;C195;3;7,31;0;Male;36-50;Azərsun Günəbaxan Yağı 1L;Grocery;Azersun;2,5;Spar;Baku;East
1389;17.04.2024;P6;S5;C36;3;2,92;0,05;Male;18-25;Çudo Şokoladlı desert;Snack;Çudo;1;Spar;Baku;East
1474;06.02.2023;P4;S5;C2;3;11,05;0;Female;36-50;Savalan Toyuq filesi;Meat;Savalan;4,5;Spar;Baku;East
1497;17.12.2023;P10;S5;C243;3;4,06;0,15;Male;26-35;Red Bull 250ml;Beverage;Red Bull;1,7;Spar;Baku;East
1511;17.12.2023;P5;S5;C13;3;3,17;0,1;Female;36-50;Bizim Tarla Pomidor konservi;Canned;Bizim Tarla;1,5;Spar;Baku;East
1525;19.08.2024;P8;S5;C284;3;4,35;0,15;Female;18-25;Natura Yumurta 10 ədəd;Dairy;Natura;2,2;Spar;Baku;East
1534;07.03.2024;P8;S5;C232;3;5,27;0,15;Female;18-25;Natura Yumurta 10 ədəd;Dairy;Natura;2,2;Spar;Baku;East
1539;22.04.2023;P6;S5;C14;3;2,13;0,1;Female;18-25;Çudo Şokoladlı desert;Snack;Çudo;1;Spar;Baku;East
1547;11.03.2023;P8;S5;C189;3;4,04;0;Male;18-25;Natura Yumurta 10 ədəd;Dairy;Natura;2,2;Spar;Baku;East
1548;24.02.2023;P9;S5;C188;3;5,68;0,1;Female;18-25;Pringles Chips;Snack;Pringles;2,8;Spar;Baku;East
1557;25.11.2024;P10;S5;C176;3;4,3;0,05;Female;26-35;Red Bull 250ml;Beverage;Red Bull;1,7;Spar;Baku;East
1581;11.03.2023;P10;S5;C208;3;4,16;0;Male;36-50;Red Bull 250ml;Beverage;Red Bull;1,7;Spar;Baku;East
1665;02.05.2024;P10;S5;C221;3;3,33;0,05;Female;50+;Red Bull 250ml;Beverage;Red Bull;1,7;Spar;Baku;East
1720;25.06.2023;P9;S5;C82;3;8,04;0;Female;50+;Pringles Chips;Snack;Pringles;2,8;Spar;Baku;East
1724;21.03.2023;P7;S5;C136;3;0,76;0,1;Female;18-25;Sərin Çörək;Bakery;Local;0,4;Spar;Baku;East
1739;06.04.2024;P9;S5;C84;3;7;0,15;Male;26-35;Pringles Chips;Snack;Pringles;2,8;Spar;Baku;East
1796;17.09.2023;P7;S5;C187;3;1,05;0,15;Male;26-35;Sərin Çörək;Bakery;Local;0,4;Spar;Baku;East
1834;06.03.2023;P4;S5;C239;3;8,5;0,1;Male;18-25;Savalan Toyuq filesi;Meat;Savalan;4,5;Spar;Baku;East
1925;04.10.2023;P7;S5;C82;3;0,64;0;Female;50+;Sərin Çörək;Bakery;Local;0,4;Spar;Baku;East
1929;08.09.2023;P2;S5;C109;3;4,04;0,1;Male;18-25;Azərsun Günəbaxan Yağı 1L;Grocery;Azersun;2,5;Spar;Baku;East
1957;09.08.2024;P2;S5;C89;3;4,27;0,1;Female;50+;Azərsun Günəbaxan Yağı 1L;Grocery;Azersun;2,5;Spar;Baku;East
1998;06.01.2023;P4;S5;C16;3;7,31;0,05;Male;18-25;Savalan Toyuq filesi;Meat;Savalan;4,5;Spar;Baku;East
91;11.05.2024;P6;S5;C189;5;1,58;0,15;Male;18-25;Çudo Şokoladlı desert;Snack;Çudo;1;Spar;Baku;East
61;25.01.2024;P2;S5;C144;5;6,66;0,1;Male;50+;Azərsun Günəbaxan Yağı 1L;Grocery;Azersun;2,5;Spar;Baku;East
187;18.07.2024;P6;S5;C123;5;2,14;0,15;Female;36-50;Çudo Şokoladlı desert;Snack;Çudo;1;Spar;Baku;East
313;12.07.2023;P7;S5;C192;5;0,8;0,1;Female;26-35;Sərin Çörək;Bakery;Local;0,4;Spar;Baku;East
331;27.08.2024;P7;S5;C86;5;1;0,15;Female;36-50;Sərin Çörək;Bakery;Local;0,4;Spar;Baku;East
334;10.05.2024;P6;S5;C179;5;2,33;0,15;Female;18-25;Çudo Şokoladlı desert;Snack;Çudo;1;Spar;Baku;East
337;16.09.2024;P2;S5;C14;5;4,93;0,15;Female;18-25;Azərsun Günəbaxan Yağı 1L;Grocery;Azersun;2,5;Spar;Baku;East
340;14.09.2024;P7;S5;C149;5;0,96;0,05;Male;50+;Sərin Çörək;Bakery;Local;0,4;Spar;Baku;East
347;29.01.2024;P6;S5;C23;5;2,42;0,1;Female;18-25;Çudo Şokoladlı desert;Snack;Çudo;1;Spar;Baku;East
349;09.02.2024;P1;S5;C156;5;1,41;0,1;Male;50+;Coca-Cola 1L;Beverage;Coca-Cola;0,8;Spar;Baku;East
350;13.09.2024;P1;S5;C99;5;1,6;0,15;Male;50+;Coca-Cola 1L;Beverage;Coca-Cola;0,8;Spar;Baku;East
352;17.12.2023;P2;S5;C121;5;5,23;0;Male;26-35;Azərsun Günəbaxan Yağı 1L;Grocery;Azersun;2,5;Spar;Baku;East
361;17.12.2023;P6;S5;C60;5;2,64;0;Male;26-35;Çudo Şokoladlı desert;Snack;Çudo;1;Spar;Baku;East
366;12.03.2024;P1;S5;C247;5;1,95;0,05;Female;50+;Coca-Cola 1L;Beverage;Coca-Cola;0,8;Spar;Baku;East
368;27.10.2024;P10;S5;C286;5;2,59;0,1;Male;36-50;Red Bull 250ml;Beverage;Red Bull;1,7;Spar;Baku;East
381;29.10.2023;P1;S5;C76;5;1,51;0;Male;36-50;Coca-Cola 1L;Beverage;Coca-Cola;0,8;Spar;Baku;East
384;12.10.2023;P2;S5;C54;5;6,92;0,1;Female;36-50;Azərsun Günəbaxan Yağı 1L;Grocery;Azersun;2,5;Spar;Baku;East
390;21.09.2024;P3;S5;C281;5;2,85;0;Male;26-35;Milla Süd 1L;Dairy;Milla;1,2;Spar;Baku;East
394;22.11.2024;P1;S5;C222;5;2,02;0,1;Female;18-25;Coca-Cola 1L;Beverage;Coca-Cola;0,8;Spar;Baku;East
410;25.06.2024;P7;S5;C93;5;0,95;0;Male;50+;Sərin Çörək;Bakery;Local;0,4;Spar;Baku;East
415;24.10.2024;P3;S5;C21;5;2,23;0,15;Male;18-25;Milla Süd 1L;Dairy;Milla;1,2;Spar;Baku;East
416;30.05.2024;P4;S5;C221;5;13,07;0;Female;50+;Savalan Toyuq filesi;Meat;Savalan;4,5;Spar;Baku;East
427;26.05.2024;P10;S5;C270;5;3,03;0;Male;26-35;Red Bull 250ml;Beverage;Red Bull;1,7;Spar;Baku;East
428;12.06.2023;P6;S5;C254;5;2,64;0;Male;18-25;Çudo Şokoladlı desert;Snack;Çudo;1;Spar;Baku;East
443;10.11.2023;P7;S5;C287;5;1,19;0;Female;26-35;Sərin Çörək;Bakery;Local;0,4;Spar;Baku;East
456;08.12.2023;P3;S5;C260;5;2,65;0,05;Female;36-50;Milla Süd 1L;Dairy;Milla;1,2;Spar;Baku;East
462;27.12.2023;P6;S5;C240;5;2,34;0,05;Male;26-35;Çudo Şokoladlı desert;Snack;Çudo;1;Spar;Baku;East
464;26.10.2024;P2;S5;C26;5;6,48;0,15;Male;50+;Azərsun Günəbaxan Yağı 1L;Grocery;Azersun;2,5;Spar;Baku;East
468;18.01.2024;P6;S5;C155;5;2,05;0,15;Female;36-50;Çudo Şokoladlı desert;Snack;Çudo;1;Spar;Baku;East
476;19.05.2023;P1;S5;C43;5;1,88;0,05;Male;36-50;Coca-Cola 1L;Beverage;Coca-Cola;0,8;Spar;Baku;East
479;01.08.2023;P8;S5;C295;5;5,11;0,1;Female;18-25;Natura Yumurta 10 ədəd;Dairy;Natura;2,2;Spar;Baku;East
492;03.01.2024;P3;S5;C188;5;3,58;0,05;Female;18-25;Milla Süd 1L;Dairy;Milla;1,2;Spar;Baku;East
493;15.05.2024;P7;S5;C264;5;0,69;0,15;Female;36-50;Sərin Çörək;Bakery;Local;0,4;Spar;Baku;East
496;03.09.2024;P10;S5;C296;5;3,32;0;Female;36-50;Red Bull 250ml;Beverage;Red Bull;1,7;Spar;Baku;East
499;06.10.2024;P1;S5;C120;5;1,27;0,1;Male;36-50;Coca-Cola 1L;Beverage;Coca-Cola;0,8;Spar;Baku;East
502;06.09.2024;P7;S5;C242;5;0,86;0,1;Female;50+;Sərin Çörək;Bakery;Local;0,4;Spar;Baku;East
508;25.06.2024;P2;S5;C165;5;4,28;0;Male;26-35;Azərsun Günəbaxan Yağı 1L;Grocery;Azersun;2,5;Spar;Baku;East
510;08.05.2024;P2;S5;C22;5;4,12;0;Male;36-50;Azərsun Günəbaxan Yağı 1L;Grocery;Azersun;2,5;Spar;Baku;East
511;06.10.2023;P9;S5;C106;5;7,16;0,05;Male;36-50;Pringles Chips;Snack;Pringles;2,8;Spar;Baku;East
515;19.02.2023;P10;S5;C190;5;4,61;0,05;Female;18-25;Red Bull 250ml;Beverage;Red Bull;1,7;Spar;Baku;East
521;16.07.2023;P5;S5;C279;5;4,39;0;Female;26-35;Bizim Tarla Pomidor konservi;Canned;Bizim Tarla;1,5;Spar;Baku;East
523;21.09.2024;P6;S5;C182;5;2,27;0,05;Female;18-25;Çudo Şokoladlı desert;Snack;Çudo;1;Spar;Baku;East
539;10.07.2024;P10;S5;C17;5;2,67;0,05;Female;50+;Red Bull 250ml;Beverage;Red Bull;1,7;Spar;Baku;East
543;24.05.2023;P8;S5;C11;5;3,39;0;Female;36-50;Natura Yumurta 10 ədəd;Dairy;Natura;2,2;Spar;Baku;East
548;08.10.2023;P6;S5;C134;5;2,41;0,05;Male;18-25;Çudo Şokoladlı desert;Snack;Çudo;1;Spar;Baku;East
549;25.05.2023;P2;S5;C63;5;6,87;0,05;Female;50+;Azərsun Günəbaxan Yağı 1L;Grocery;Azersun;2,5;Spar;Baku;East
553;01.05.2024;P4;S5;C36;5;7,23;0,15;Male;18-25;Savalan Toyuq filesi;Meat;Savalan;4,5;Spar;Baku;East
568;18.06.2023;P5;S5;C156;5;4,04;0,1;Male;50+;Bizim Tarla Pomidor konservi;Canned;Bizim Tarla;1,5;Spar;Baku;East
570;29.01.2023;P2;S5;C100;5;6,73;0,1;Male;36-50;Azərsun Günəbaxan Yağı 1L;Grocery;Azersun;2,5;Spar;Baku;East
588;20.12.2023;P1;S5;C89;5;1,26;0,15;Female;50+;Coca-Cola 1L;Beverage;Coca-Cola;0,8;Spar;Baku;East
591;13.03.2023;P7;S5;C257;5;0,71;0,05;Female;26-35;Sərin Çörək;Bakery;Local;0,4;Spar;Baku;East
593;12.02.2024;P6;S5;C184;5;2,45;0,05;Female;50+;Çudo Şokoladlı desert;Snack;Çudo;1;Spar;Baku;East
596;12.04.2024;P1;S5;C56;5;2,01;0;Male;18-25;Coca-Cola 1L;Beverage;Coca-Cola;0,8;Spar;Baku;East
597;10.09.2023;P1;S5;C290;5;1,64;0,15;Male;26-35;Coca-Cola 1L;Beverage;Coca-Cola;0,8;Spar;Baku;East
598;25.05.2023;P6;S5;C73;5;1,62;0;Female;18-25;Çudo Şokoladlı desert;Snack;Çudo;1;Spar;Baku;East
603;22.06.2023;P4;S5;C300;5;8,66;0;Female;18-25;Savalan Toyuq filesi;Meat;Savalan;4,5;Spar;Baku;East
612;22.04.2023;P2;S5;C174;5;5,81;0,1;Male;18-25;Azərsun Günəbaxan Yağı 1L;Grocery;Azersun;2,5;Spar;Baku;East
616;14.05.2023;P9;S5;C224;5;7,37;0,15;Female;50+;Pringles Chips;Snack;Pringles;2,8;Spar;Baku;East
631;19.02.2023;P4;S5;C19;5;10,38;0,1;Female;36-50;Savalan Toyuq filesi;Meat;Savalan;4,5;Spar;Baku;East
638;03.02.2024;P1;S5;C27;5;1,87;0;Female;26-35;Coca-Cola 1L;Beverage;Coca-Cola;0,8;Spar;Baku;East
646;29.02.2024;P9;S5;C4;5;8,17;0,15;Male;18-25;Pringles Chips;Snack;Pringles;2,8;Spar;Baku;East
648;05.04.2024;P10;S5;C143;5;2,57;0,15;Female;36-50;Red Bull 250ml;Beverage;Red Bull;1,7;Spar;Baku;East
659;29.10.2023;P9;S5;C259;5;5,56;0,15;Male;26-35;Pringles Chips;Snack;Pringles;2,8;Spar;Baku;East
667;24.08.2024;P1;S5;C103;5;1,26;0,15;Female;26-35;Coca-Cola 1L;Beverage;Coca-Cola;0,8;Spar;Baku;East
670;21.08.2023;P4;S5;C234;5;13,4;0;Male;50+;Savalan Toyuq filesi;Meat;Savalan;4,5;Spar;Baku;East
674;21.03.2023;P3;S5;C19;5;2,51;0,1;Female;36-50;Milla Süd 1L;Dairy;Milla;1,2;Spar;Baku;East
691;17.11.2023;P9;S5;C70;5;8,23;0;Female;26-35;Pringles Chips;Snack;Pringles;2,8;Spar;Baku;East
694;27.02.2024;P5;S5;C207;5;3,51;0,1;Male;26-35;Bizim Tarla Pomidor konservi;Canned;Bizim Tarla;1,5;Spar;Baku;East
696;23.07.2023;P4;S5;C271;5;9,69;0,05;Male;26-35;Savalan Toyuq filesi;Meat;Savalan;4,5;Spar;Baku;East
709;26.11.2023;P7;S5;C150;5;0,97;0;Female;18-25;Sərin Çörək;Bakery;Local;0,4;Spar;Baku;East
713;14.06.2024;P3;S5;C204;5;2,02;0,1;Male;26-35;Milla Süd 1L;Dairy;Milla;1,2;Spar;Baku;East
722;05.05.2023;P8;S5;C193;5;4,95;0;Male;18-25;Natura Yumurta 10 ədəd;Dairy;Natura;2,2;Spar;Baku;East
724;06.09.2024;P1;S5;C171;5;1,22;0;Male;36-50;Coca-Cola 1L;Beverage;Coca-Cola;0,8;Spar;Baku;East
736;17.12.2023;P9;S5;C270;5;7,18;0,05;Male;26-35;Pringles Chips;Snack;Pringles;2,8;Spar;Baku;East
737;06.11.2023;P5;S5;C225;5;2,8;0,1;Male;26-35;Bizim Tarla Pomidor konservi;Canned;Bizim Tarla;1,5;Spar;Baku;East
738;26.10.2024;P5;S5;C242;5;3,57;0,05;Female;50+;Bizim Tarla Pomidor konservi;Canned;Bizim Tarla;1,5;Spar;Baku;East
739;20.09.2024;P6;S5;C296;5;1,65;0,15;Female;36-50;Çudo Şokoladlı desert;Snack;Çudo;1;Spar;Baku;East
740;30.11.2024;P7;S5;C254;5;1,03;0,1;Male;18-25;Sərin Çörək;Bakery;Local;0,4;Spar;Baku;East
742;13.11.2023;P10;S5;C33;5;2,65;0,1;Female;36-50;Red Bull 250ml;Beverage;Red Bull;1,7;Spar;Baku;East
743;18.05.2024;P5;S5;C166;5;3,28;0,15;Female;36-50;Bizim Tarla Pomidor konservi;Canned;Bizim Tarla;1,5;Spar;Baku;East
744;07.02.2023;P1;S5;C168;5;1,79;0,05;Female;26-35;Coca-Cola 1L;Beverage;Coca-Cola;0,8;Spar;Baku;East
745;27.06.2024;P9;S5;C146;5;7,37;0,15;Female;18-25;Pringles Chips;Snack;Pringles;2,8;Spar;Baku;East
747;27.01.2024;P3;S5;C71;5;3,56;0,05;Female;36-50;Milla Süd 1L;Dairy;Milla;1,2;Spar;Baku;East
750;09.02.2024;P6;S5;C24;5;2,71;0,15;Male;50+;Çudo Şokoladlı desert;Snack;Çudo;1;Spar;Baku;East
762;16.04.2023;P6;S5;C141;5;1,84;0;Female;50+;Çudo Şokoladlı desert;Snack;Çudo;1;Spar;Baku;East
779;13.05.2023;P1;S5;C117;5;1,81;0,05;Male;18-25;Coca-Cola 1L;Beverage;Coca-Cola;0,8;Spar;Baku;East
781;29.01.2024;P10;S5;C135;5;5,04;0,1;Female;36-50;Red Bull 250ml;Beverage;Red Bull;1,7;Spar;Baku;East
804;17.12.2023;P5;S5;C212;5;3,54;0,05;Male;26-35;Bizim Tarla Pomidor konservi;Canned;Bizim Tarla;1,5;Spar;Baku;East
816;16.01.2024;P5;S5;C163;5;3,73;0;Male;36-50;Bizim Tarla Pomidor konservi;Canned;Bizim Tarla;1,5;Spar;Baku;East
817;30.04.2023;P6;S5;C166;5;1,98;0,1;Female;36-50;Çudo Şokoladlı desert;Snack;Çudo;1;Spar;Baku;East
825;08.08.2023;P3;S5;C231;5;2,72;0,15;Male;18-25;Milla Süd 1L;Dairy;Milla;1,2;Spar;Baku;East
831;28.05.2024;P6;S5;C222;5;1,92;0,1;Female;18-25;Çudo Şokoladlı desert;Snack;Çudo;1;Spar;Baku;East
838;21.11.2024;P5;S5;C49;5;2,47;0,1;Female;50+;Bizim Tarla Pomidor konservi;Canned;Bizim Tarla;1,5;Spar;Baku;East
840;12.06.2024;P3;S5;C153;5;1,81;0,05;Male;18-25;Milla Süd 1L;Dairy;Milla;1,2;Spar;Baku;East
842;08.11.2024;P10;S5;C111;5;3,49;0;Female;18-25;Red Bull 250ml;Beverage;Red Bull;1,7;Spar;Baku;East
855;24.07.2023;P4;S5;C241;5;9,02;0,05;Female;36-50;Savalan Toyuq filesi;Meat;Savalan;4,5;Spar;Baku;East
880;16.04.2024;P5;S5;C227;5;2,38;0,15;Male;36-50;Bizim Tarla Pomidor konservi;Canned;Bizim Tarla;1,5;Spar;Baku;East
924;08.10.2024;P2;S5;C188;5;5,38;0,1;Female;18-25;Azərsun Günəbaxan Yağı 1L;Grocery;Azersun;2,5;Spar;Baku;East
925;14.07.2023;P2;S5;C146;5;3,9;0,1;Female;18-25;Azərsun Günəbaxan Yağı 1L;Grocery;Azersun;2,5;Spar;Baku;East
1016;29.12.2023;P10;S5;C87;5;5;0,05;Female;18-25;Red Bull 250ml;Beverage;Red Bull;1,7;Spar;Baku;East
1022;08.06.2023;P4;S5;C94;5;7,6;0,1;Female;36-50;Savalan Toyuq filesi;Meat;Savalan;4,5;Spar;Baku;East
1060;20.02.2024;P6;S5;C30;5;2,13;0,05;Female;50+;Çudo Şokoladlı desert;Snack;Çudo;1;Spar;Baku;East
1078;09.08.2023;P10;S5;C231;5;4,99;0,15;Male;18-25;Red Bull 250ml;Beverage;Red Bull;1,7;Spar;Baku;East
1146;12.07.2023;P3;S5;C133;5;3,16;0,1;Female;36-50;Milla Süd 1L;Dairy;Milla;1,2;Spar;Baku;East
1158;14.08.2023;P1;S5;C51;5;1,88;0,05;Female;36-50;Coca-Cola 1L;Beverage;Coca-Cola;0,8;Spar;Baku;East
1159;29.03.2023;P7;S5;C28;5;0,96;0;Male;18-25;Sərin Çörək;Bakery;Local;0,4;Spar;Baku;East
1200;20.04.2024;P8;S5;C113;5;5,36;0,05;Female;26-35;Natura Yumurta 10 ədəd;Dairy;Natura;2,2;Spar;Baku;East
1210;08.12.2023;P3;S5;C69;5;2,04;0,15;Female;26-35;Milla Süd 1L;Dairy;Milla;1,2;Spar;Baku;East
1224;31.10.2023;P2;S5;C142;5;4,9;0,15;Male;18-25;Azərsun Günəbaxan Yağı 1L;Grocery;Azersun;2,5;Spar;Baku;East
1263;19.06.2023;P2;S5;C88;5;4,79;0;Male;50+;Azərsun Günəbaxan Yağı 1L;Grocery;Azersun;2,5;Spar;Baku;East
1266;02.12.2023;P5;S5;C200;5;4,09;0,15;Female;18-25;Bizim Tarla Pomidor konservi;Canned;Bizim Tarla;1,5;Spar;Baku;East
1291;19.12.2023;P7;S5;C16;5;1;0,1;Male;18-25;Sərin Çörək;Bakery;Local;0,4;Spar;Baku;East
1318;16.03.2024;P3;S5;C108;5;1,87;0,15;Male;26-35;Milla Süd 1L;Dairy;Milla;1,2;Spar;Baku;East
1335;17.03.2023;P8;S5;C70;5;4,6;0;Female;26-35;Natura Yumurta 10 ədəd;Dairy;Natura;2,2;Spar;Baku;East
1399;05.09.2023;P5;S5;C71;5;2,71;0,1;Female;36-50;Bizim Tarla Pomidor konservi;Canned;Bizim Tarla;1,5;Spar;Baku;East
1400;26.11.2023;P7;S5;C187;5;0,94;0;Male;26-35;Sərin Çörək;Bakery;Local;0,4;Spar;Baku;East
1405;03.04.2024;P10;S5;C27;5;3,95;0,15;Female;26-35;Red Bull 250ml;Beverage;Red Bull;1,7;Spar;Baku;East
1437;18.04.2024;P6;S5;C250;5;2,59;0;Male;36-50;Çudo Şokoladlı desert;Snack;Çudo;1;Spar;Baku;East
1471;04.07.2023;P10;S5;C208;5;3,14;0,1;Male;36-50;Red Bull 250ml;Beverage;Red Bull;1,7;Spar;Baku;East
1473;20.05.2024;P9;S5;C232;5;6,09;0,1;Female;18-25;Pringles Chips;Snack;Pringles;2,8;Spar;Baku;East
1487;27.02.2024;P6;S5;C109;5;2,82;0,15;Male;18-25;Çudo Şokoladlı desert;Snack;Çudo;1;Spar;Baku;East
1514;03.09.2023;P3;S5;C227;5;2,87;0,1;Male;36-50;Milla Süd 1L;Dairy;Milla;1,2;Spar;Baku;East
1601;17.06.2024;P8;S5;C195;5;3,71;0;Male;36-50;Natura Yumurta 10 ədəd;Dairy;Natura;2,2;Spar;Baku;East
1603;22.01.2024;P1;S5;C131;5;1,47;0,05;Female;36-50;Coca-Cola 1L;Beverage;Coca-Cola;0,8;Spar;Baku;East
1684;22.05.2023;P9;S5;C221;5;6,27;0,1;Female;50+;Pringles Chips;Snack;Pringles;2,8;Spar;Baku;East
1686;10.11.2024;P5;S5;C246;5;2,65;0,05;Male;50+;Bizim Tarla Pomidor konservi;Canned;Bizim Tarla;1,5;Spar;Baku;East
1701;01.09.2023;P6;S5;C226;5;2,62;0,05;Male;26-35;Çudo Şokoladlı desert;Snack;Çudo;1;Spar;Baku;East
1712;02.06.2023;P1;S5;C219;5;2,35;0,05;Male;26-35;Coca-Cola 1L;Beverage;Coca-Cola;0,8;Spar;Baku;East
1714;30.06.2023;P10;S5;C107;5;4,05;0,15;Male;36-50;Red Bull 250ml;Beverage;Red Bull;1,7;Spar;Baku;East
1789;25.01.2023;P8;S5;C293;5;4,6;0,05;Male;26-35;Natura Yumurta 10 ədəd;Dairy;Natura;2,2;Spar;Baku;East
1795;15.08.2024;P5;S5;C85;5;3,71;0;Male;18-25;Bizim Tarla Pomidor konservi;Canned;Bizim Tarla;1,5;Spar;Baku;East
1820;10.05.2024;P5;S5;C244;5;3,89;0,05;Female;36-50;Bizim Tarla Pomidor konservi;Canned;Bizim Tarla;1,5;Spar;Baku;East
1830;31.10.2023;P2;S5;C284;5;7,18;0,15;Female;18-25;Azərsun Günəbaxan Yağı 1L;Grocery;Azersun;2,5;Spar;Baku;East
1835;13.06.2023;P7;S5;C270;5;0,74;0;Male;26-35;Sərin Çörək;Bakery;Local;0,4;Spar;Baku;East
1893;12.12.2024;P8;S5;C174;5;4,47;0,15;Male;18-25;Natura Yumurta 10 ədəd;Dairy;Natura;2,2;Spar;Baku;East
1968;13.10.2023;P10;S5;C107;5;3,95;0,15;Male;36-50;Red Bull 250ml;Beverage;Red Bull;1,7;Spar;Baku;East
1989;12.06.2023;P1;S5;C64;5;2,11;0;Male;36-50;Coca-Cola 1L;Beverage;Coca-Cola;0,8;Spar;Baku;East
213;08.07.2024;P9;S4;C289;4;7,84;0;Female;36-50;Pringles Chips;Snack;Pringles;2,8;Bizim;Baku;West
195;12.10.2024;P10;S4;C153;4;3,31;0,15;Male;18-25;Red Bull 250ml;Beverage;Red Bull;1,7;Bizim;Baku;West
283;15.09.2023;P3;S4;C19;4;1,9;0,1;Female;36-50;Milla Süd 1L;Dairy;Milla;1,2;Bizim;Baku;West
198;11.02.2023;P5;S4;C233;4;4,23;0;Male;26-35;Bizim Tarla Pomidor konservi;Canned;Bizim Tarla;1,5;Bizim;Baku;West
274;01.02.2023;P2;S4;C35;4;5,09;0,05;Male;26-35;Azərsun Günəbaxan Yağı 1L;Grocery;Azersun;2,5;Bizim;Baku;West
250;05.04.2024;P6;S4;C48;4;1,97;0;Male;18-25;Çudo Şokoladlı desert;Snack;Çudo;1;Bizim;Baku;West
216;29.01.2023;P6;S4;C271;4;2,43;0;Male;26-35;Çudo Şokoladlı desert;Snack;Çudo;1;Bizim;Baku;West
76;29.04.2023;P6;S4;C204;4;2,13;0,15;Male;26-35;Çudo Şokoladlı desert;Snack;Çudo;1;Bizim;Baku;West
211;26.10.2023;P9;S4;C204;4;8,33;0,15;Male;26-35;Pringles Chips;Snack;Pringles;2,8;Bizim;Baku;West
180;10.09.2024;P10;S4;C79;4;4,74;0,1;Male;36-50;Red Bull 250ml;Beverage;Red Bull;1,7;Bizim;Baku;West
273;26.06.2024;P1;S4;C212;4;1,97;0,05;Male;26-35;Coca-Cola 1L;Beverage;Coca-Cola;0,8;Bizim;Baku;West
200;21.02.2024;P9;S4;C85;4;6,36;0,05;Male;18-25;Pringles Chips;Snack;Pringles;2,8;Bizim;Baku;West
219;08.11.2023;P8;S4;C86;4;5,95;0,15;Female;36-50;Natura Yumurta 10 ədəd;Dairy;Natura;2,2;Bizim;Baku;West
260;11.04.2024;P10;S4;C99;4;4,07;0,15;Male;50+;Red Bull 250ml;Beverage;Red Bull;1,7;Bizim;Baku;West
110;02.07.2024;P2;S4;C180;4;7,06;0,1;Female;50+;Azərsun Günəbaxan Yağı 1L;Grocery;Azersun;2,5;Bizim;Baku;West
241;06.05.2024;P7;S4;C180;4;0,96;0;Female;50+;Sərin Çörək;Bakery;Local;0,4;Bizim;Baku;West
287;15.09.2023;P5;S4;C194;4;4,36;0,05;Male;50+;Bizim Tarla Pomidor konservi;Canned;Bizim Tarla;1,5;Bizim;Baku;West
262;24.05.2024;P10;S4;C169;4;3,59;0,1;Female;18-25;Red Bull 250ml;Beverage;Red Bull;1,7;Bizim;Baku;West
232;14.06.2023;P6;S4;C151;4;1,6;0;Female;26-35;Çudo Şokoladlı desert;Snack;Çudo;1;Bizim;Baku;West
203;18.11.2024;P2;S4;C235;4;4,56;0,05;Male;50+;Azərsun Günəbaxan Yağı 1L;Grocery;Azersun;2,5;Bizim;Baku;West
204;27.07.2024;P6;S4;C218;4;2,44;0,05;Female;36-50;Çudo Şokoladlı desert;Snack;Çudo;1;Bizim;Baku;West
265;30.04.2023;P9;S4;C210;4;6,74;0,05;Male;36-50;Pringles Chips;Snack;Pringles;2,8;Bizim;Baku;West
227;17.12.2023;P2;S4;C291;4;6,34;0,05;Male;26-35;Azərsun Günəbaxan Yağı 1L;Grocery;Azersun;2,5;Bizim;Baku;West
230;11.07.2023;P2;S4;C241;4;6,17;0;Female;36-50;Azərsun Günəbaxan Yağı 1L;Grocery;Azersun;2,5;Bizim;Baku;West
284;01.03.2023;P5;S4;C269;4;3,63;0,1;Female;36-50;Bizim Tarla Pomidor konservi;Canned;Bizim Tarla;1,5;Bizim;Baku;West
279;16.01.2024;P6;S4;C297;4;2,53;0;Male;50+;Çudo Şokoladlı desert;Snack;Çudo;1;Bizim;Baku;West
306;20.11.2023;P2;S4;C221;4;4,44;0,1;Female;50+;Azərsun Günəbaxan Yağı 1L;Grocery;Azersun;2,5;Bizim;Baku;West
309;20.08.2023;P2;S4;C68;4;5,42;0,05;Female;18-25;Azərsun Günəbaxan Yağı 1L;Grocery;Azersun;2,5;Bizim;Baku;West
847;05.08.2023;P1;S4;C229;4;1,45;0,05;Female;18-25;Coca-Cola 1L;Beverage;Coca-Cola;0,8;Bizim;Baku;West
899;06.01.2024;P4;S4;C110;4;7,97;0,15;Female;36-50;Savalan Toyuq filesi;Meat;Savalan;4,5;Bizim;Baku;West
909;27.07.2024;P3;S4;C291;4;3,59;0,15;Male;26-35;Milla Süd 1L;Dairy;Milla;1,2;Bizim;Baku;West
984;31.08.2023;P7;S4;C214;4;1,14;0,15;Male;36-50;Sərin Çörək;Bakery;Local;0,4;Bizim;Baku;West
1009;20.06.2024;P6;S4;C223;4;1,62;0,05;Female;26-35;Çudo Şokoladlı desert;Snack;Çudo;1;Bizim;Baku;West
1043;27.09.2023;P3;S4;C212;4;2,42;0;Male;26-35;Milla Süd 1L;Dairy;Milla;1,2;Bizim;Baku;West
1069;04.01.2024;P9;S4;C133;4;6,11;0,1;Female;36-50;Pringles Chips;Snack;Pringles;2,8;Bizim;Baku;West
1084;11.10.2023;P1;S4;C284;4;2,09;0,15;Female;18-25;Coca-Cola 1L;Beverage;Coca-Cola;0,8;Bizim;Baku;West
1086;03.03.2024;P3;S4;C197;4;3,13;0;Female;26-35;Milla Süd 1L;Dairy;Milla;1,2;Bizim;Baku;West
1087;12.02.2023;P7;S4;C171;4;0,72;0;Male;36-50;Sərin Çörək;Bakery;Local;0,4;Bizim;Baku;West
1105;07.01.2024;P5;S4;C273;4;2,66;0,1;Female;50+;Bizim Tarla Pomidor konservi;Canned;Bizim Tarla;1,5;Bizim;Baku;West
1135;17.12.2023;P9;S4;C227;4;7,21;0;Male;36-50;Pringles Chips;Snack;Pringles;2,8;Bizim;Baku;West
1140;29.03.2024;P4;S4;C139;4;9,27;0,05;Male;36-50;Savalan Toyuq filesi;Meat;Savalan;4,5;Bizim;Baku;West
1211;27.11.2024;P3;S4;C132;4;3,23;0,1;Female;36-50;Milla Süd 1L;Dairy;Milla;1,2;Bizim;Baku;West
1227;29.08.2023;P7;S4;C264;4;0,63;0,15;Female;36-50;Sərin Çörək;Bakery;Local;0,4;Bizim;Baku;West
1262;31.01.2023;P10;S4;C59;4;3,82;0,15;Female;50+;Red Bull 250ml;Beverage;Red Bull;1,7;Bizim;Baku;West
1285;25.11.2024;P2;S4;C118;4;6,65;0,15;Female;50+;Azərsun Günəbaxan Yağı 1L;Grocery;Azersun;2,5;Bizim;Baku;West
1384;25.11.2023;P4;S4;C158;4;13,38;0,05;Female;26-35;Savalan Toyuq filesi;Meat;Savalan;4,5;Bizim;Baku;West
1406;14.02.2023;P6;S4;C250;4;2,27;0,15;Male;36-50;Çudo Şokoladlı desert;Snack;Çudo;1;Bizim;Baku;West
1448;08.05.2023;P9;S4;C82;4;5,54;0;Female;50+;Pringles Chips;Snack;Pringles;2,8;Bizim;Baku;West
1464;25.08.2024;P9;S4;C48;4;4,25;0,15;Male;18-25;Pringles Chips;Snack;Pringles;2,8;Bizim;Baku;West
1490;10.09.2024;P3;S4;C64;4;3,39;0,15;Male;36-50;Milla Süd 1L;Dairy;Milla;1,2;Bizim;Baku;West
1540;31.05.2024;P9;S4;C253;4;4,61;0,15;Female;50+;Pringles Chips;Snack;Pringles;2,8;Bizim;Baku;West
1646;17.07.2024;P5;S4;C197;4;3,94;0,1;Female;26-35;Bizim Tarla Pomidor konservi;Canned;Bizim Tarla;1,5;Bizim;Baku;West
1700;16.08.2023;P1;S4;C56;4;2,01;0,15;Male;18-25;Coca-Cola 1L;Beverage;Coca-Cola;0,8;Bizim;Baku;West
1749;20.04.2024;P2;S4;C108;4;7,24;0;Male;26-35;Azərsun Günəbaxan Yağı 1L;Grocery;Azersun;2,5;Bizim;Baku;West
1751;07.09.2023;P6;S4;C99;4;2,59;0,1;Male;50+;Çudo Şokoladlı desert;Snack;Çudo;1;Bizim;Baku;West
1755;29.07.2024;P5;S4;C165;4;2,98;0;Male;26-35;Bizim Tarla Pomidor konservi;Canned;Bizim Tarla;1,5;Bizim;Baku;West
1780;19.10.2023;P1;S4;C59;4;1,32;0,15;Female;50+;Coca-Cola 1L;Beverage;Coca-Cola;0,8;Bizim;Baku;West
1785;14.12.2023;P4;S4;C149;4;9,12;0,1;Male;50+;Savalan Toyuq filesi;Meat;Savalan;4,5;Bizim;Baku;West
1806;03.01.2023;P8;S4;C45;4;4,51;0,1;Male;26-35;Natura Yumurta 10 ədəd;Dairy;Natura;2,2;Bizim;Baku;West
1859;07.08.2024;P5;S4;C226;4;3,73;0,15;Male;26-35;Bizim Tarla Pomidor konservi;Canned;Bizim Tarla;1,5;Bizim;Baku;West
1896;07.12.2024;P3;S4;C247;4;3,15;0,15;Female;50+;Milla Süd 1L;Dairy;Milla;1,2;Bizim;Baku;West
1903;22.11.2023;P8;S4;C220;4;3,31;0,05;Male;36-50;Natura Yumurta 10 ədəd;Dairy;Natura;2,2;Bizim;Baku;West
1913;21.11.2023;P5;S4;C255;4;4,14;0;Female;36-50;Bizim Tarla Pomidor konservi;Canned;Bizim Tarla;1,5;Bizim;Baku;West
1919;21.05.2024;P2;S4;C27;4;3,78;0,05;Female;26-35;Azərsun Günəbaxan Yağı 1L;Grocery;Azersun;2,5;Bizim;Baku;West
1945;25.05.2023;P7;S4;C87;4;0,71;0,05;Female;18-25;Sərin Çörək;Bakery;Local;0,4;Bizim;Baku;West
1953;16.07.2023;P1;S4;C285;4;2,09;0,1;Male;50+;Coca-Cola 1L;Beverage;Coca-Cola;0,8;Bizim;Baku;West
1961;01.07.2024;P6;S4;C51;4;2,09;0,1;Female;36-50;Çudo Şokoladlı desert;Snack;Çudo;1;Bizim;Baku;West
1969;28.09.2023;P3;S4;C242;4;2,71;0,15;Female;50+;Milla Süd 1L;Dairy;Milla;1,2;Bizim;Baku;West
1974;05.08.2024;P9;S4;C119;4;6,16;0;Female;50+;Pringles Chips;Snack;Pringles;2,8;Bizim;Baku;West
1999;25.10.2024;P8;S4;C291;4;3,77;0;Male;26-35;Natura Yumurta 10 ədəd;Dairy;Natura;2,2;Bizim;Baku;West
209;11.08.2023;P9;S4;C201;2;5,05;0,15;Male;26-35;Pringles Chips;Snack;Pringles;2,8;Bizim;Baku;West
218;31.07.2024;P8;S4;C178;2;4,04;0,1;Male;36-50;Natura Yumurta 10 ədəd;Dairy;Natura;2,2;Bizim;Baku;West
75;09.04.2023;P6;S4;C236;2;1,99;0,1;Female;26-35;Çudo Şokoladlı desert;Snack;Çudo;1;Bizim;Baku;West
244;02.11.2024;P4;S4;C31;2;9,35;0,05;Male;18-25;Savalan Toyuq filesi;Meat;Savalan;4,5;Bizim;Baku;West
224;13.10.2024;P9;S4;C237;2;6,56;0,05;Male;18-25;Pringles Chips;Snack;Pringles;2,8;Bizim;Baku;West
297;09.06.2023;P10;S4;C283;2;4,72;0,15;Male;26-35;Red Bull 250ml;Beverage;Red Bull;1,7;Bizim;Baku;West
298;21.12.2023;P6;S4;C89;2;1,84;0;Female;50+;Çudo Şokoladlı desert;Snack;Çudo;1;Bizim;Baku;West
126;20.01.2024;P2;S4;C51;2;6,34;0,05;Female;36-50;Azərsun Günəbaxan Yağı 1L;Grocery;Azersun;2,5;Bizim;Baku;West
252;10.05.2024;P7;S4;C198;2;0,93;0;Female;18-25;Sərin Çörək;Bakery;Local;0,4;Bizim;Baku;West
242;10.11.2024;P1;S4;C56;2;1,36;0,15;Male;18-25;Coca-Cola 1L;Beverage;Coca-Cola;0,8;Bizim;Baku;West
233;16.11.2023;P9;S4;C214;2;4,72;0,05;Male;36-50;Pringles Chips;Snack;Pringles;2,8;Bizim;Baku;West
266;06.07.2024;P4;S4;C74;2;7,38;0,15;Female;26-35;Savalan Toyuq filesi;Meat;Savalan;4,5;Bizim;Baku;West
290;15.03.2024;P8;S4;C74;2;6,07;0;Female;26-35;Natura Yumurta 10 ədəd;Dairy;Natura;2,2;Bizim;Baku;West
293;10.02.2024;P10;S4;C122;2;4,79;0;Male;26-35;Red Bull 250ml;Beverage;Red Bull;1,7;Bizim;Baku;West
221;30.04.2024;P5;S4;C158;2;3;0,05;Female;26-35;Bizim Tarla Pomidor konservi;Canned;Bizim Tarla;1,5;Bizim;Baku;West
276;14.07.2024;P10;S4;C206;2;5,07;0,05;Female;36-50;Red Bull 250ml;Beverage;Red Bull;1,7;Bizim;Baku;West
249;24.07.2024;P5;S4;C151;2;3,28;0,05;Female;26-35;Bizim Tarla Pomidor konservi;Canned;Bizim Tarla;1,5;Bizim;Baku;West
205;23.02.2024;P1;S4;C187;2;1,6;0,05;Male;26-35;Coca-Cola 1L;Beverage;Coca-Cola;0,8;Bizim;Baku;West
158;20.02.2024;P9;S4;C255;2;6,89;0,1;Female;36-50;Pringles Chips;Snack;Pringles;2,8;Bizim;Baku;West
292;08.11.2024;P9;S4;C160;2;5,56;0,1;Male;26-35;Pringles Chips;Snack;Pringles;2,8;Bizim;Baku;West
291;04.07.2023;P9;S4;C193;2;8,06;0,15;Male;18-25;Pringles Chips;Snack;Pringles;2,8;Bizim;Baku;West
222;10.07.2024;P5;S4;C222;2;2,64;0;Female;18-25;Bizim Tarla Pomidor konservi;Canned;Bizim Tarla;1,5;Bizim;Baku;West
246;28.01.2023;P4;S4;C294;2;11,24;0,05;Male;18-25;Savalan Toyuq filesi;Meat;Savalan;4,5;Bizim;Baku;West
289;10.02.2023;P3;S4;C286;2;1,94;0,15;Male;36-50;Milla Süd 1L;Dairy;Milla;1,2;Bizim;Baku;West
302;16.07.2023;P10;S4;C240;2;3,71;0,1;Male;26-35;Red Bull 250ml;Beverage;Red Bull;1,7;Bizim;Baku;West
303;07.01.2024;P1;S4;C300;2;2,34;0,1;Female;18-25;Coca-Cola 1L;Beverage;Coca-Cola;0,8;Bizim;Baku;West
304;17.12.2023;P8;S4;C227;2;5,03;0,15;Male;36-50;Natura Yumurta 10 ədəd;Dairy;Natura;2,2;Bizim;Baku;West
319;15.08.2023;P1;S4;C130;2;1,71;0;Female;26-35;Coca-Cola 1L;Beverage;Coca-Cola;0,8;Bizim;Baku;West
844;20.05.2023;P6;S4;C296;2;2,02;0,05;Female;36-50;Çudo Şokoladlı desert;Snack;Çudo;1;Bizim;Baku;West
846;20.02.2023;P1;S4;C215;2;2,09;0;Female;36-50;Coca-Cola 1L;Beverage;Coca-Cola;0,8;Bizim;Baku;West
894;26.03.2023;P8;S4;C153;2;5,76;0,05;Male;18-25;Natura Yumurta 10 ədəd;Dairy;Natura;2,2;Bizim;Baku;West
918;26.06.2024;P3;S4;C226;2;3,35;0,05;Male;26-35;Milla Süd 1L;Dairy;Milla;1,2;Bizim;Baku;West
959;13.02.2023;P9;S4;C215;2;7,82;0,05;Female;36-50;Pringles Chips;Snack;Pringles;2,8;Bizim;Baku;West
970;25.02.2024;P7;S4;C72;2;1,19;0,05;Male;26-35;Sərin Çörək;Bakery;Local;0,4;Bizim;Baku;West
976;07.06.2023;P4;S4;C117;2;12,01;0,1;Male;18-25;Savalan Toyuq filesi;Meat;Savalan;4,5;Bizim;Baku;West
980;20.10.2024;P5;S4;C260;2;2,83;0;Female;36-50;Bizim Tarla Pomidor konservi;Canned;Bizim Tarla;1,5;Bizim;Baku;West
983;20.02.2023;P9;S4;C263;2;6,89;0;Male;26-35;Pringles Chips;Snack;Pringles;2,8;Bizim;Baku;West
1003;28.04.2024;P8;S4;C295;2;3,82;0,05;Female;18-25;Natura Yumurta 10 ədəd;Dairy;Natura;2,2;Bizim;Baku;West
1005;27.05.2023;P9;S4;C146;2;4,35;0,1;Female;18-25;Pringles Chips;Snack;Pringles;2,8;Bizim;Baku;West
1010;12.05.2023;P8;S4;C188;2;4,43;0,1;Female;18-25;Natura Yumurta 10 ədəd;Dairy;Natura;2,2;Bizim;Baku;West
1012;11.04.2024;P4;S4;C69;2;10,82;0,1;Female;26-35;Savalan Toyuq filesi;Meat;Savalan;4,5;Bizim;Baku;West
1090;08.02.2023;P4;S4;C126;2;10,8;0,1;Male;50+;Savalan Toyuq filesi;Meat;Savalan;4,5;Bizim;Baku;West
1094;03.11.2024;P1;S4;C15;2;1,76;0,15;Male;50+;Coca-Cola 1L;Beverage;Coca-Cola;0,8;Bizim;Baku;West
1125;03.11.2024;P8;S4;C196;2;6,04;0,1;Male;36-50;Natura Yumurta 10 ədəd;Dairy;Natura;2,2;Bizim;Baku;West
1186;09.09.2023;P8;S4;C102;2;4,76;0,15;Female;26-35;Natura Yumurta 10 ədəd;Dairy;Natura;2,2;Bizim;Baku;West
1223;08.04.2024;P1;S4;C137;2;2,31;0,15;Male;50+;Coca-Cola 1L;Beverage;Coca-Cola;0,8;Bizim;Baku;West
1239;12.09.2024;P4;S4;C283;2;12,54;0,05;Male;26-35;Savalan Toyuq filesi;Meat;Savalan;4,5;Bizim;Baku;West
1282;23.04.2023;P3;S4;C155;2;3,19;0,05;Female;36-50;Milla Süd 1L;Dairy;Milla;1,2;Bizim;Baku;West
1302;15.01.2024;P8;S4;C296;2;6,49;0,1;Female;36-50;Natura Yumurta 10 ədəd;Dairy;Natura;2,2;Bizim;Baku;West
1304;13.05.2024;P8;S4;C173;2;4,5;0,1;Female;26-35;Natura Yumurta 10 ədəd;Dairy;Natura;2,2;Bizim;Baku;West
1313;23.10.2023;P5;S4;C130;2;2,28;0,05;Female;26-35;Bizim Tarla Pomidor konservi;Canned;Bizim Tarla;1,5;Bizim;Baku;West
1343;03.04.2023;P2;S4;C60;2;6,46;0,15;Male;26-35;Azərsun Günəbaxan Yağı 1L;Grocery;Azersun;2,5;Bizim;Baku;West
1395;12.10.2024;P10;S4;C284;2;4,04;0;Female;18-25;Red Bull 250ml;Beverage;Red Bull;1,7;Bizim;Baku;West
1407;24.03.2023;P7;S4;C131;2;0,69;0,15;Female;36-50;Sərin Çörək;Bakery;Local;0,4;Bizim;Baku;West
1423;28.09.2023;P2;S4;C254;2;6,28;0,1;Male;18-25;Azərsun Günəbaxan Yağı 1L;Grocery;Azersun;2,5;Bizim;Baku;West
1483;19.07.2024;P4;S4;C258;2;7,02;0,15;Female;50+;Savalan Toyuq filesi;Meat;Savalan;4,5;Bizim;Baku;West
1515;06.01.2023;P10;S4;C155;2;4,25;0;Female;36-50;Red Bull 250ml;Beverage;Red Bull;1,7;Bizim;Baku;West
1535;16.08.2023;P7;S4;C33;2;0,79;0,15;Female;36-50;Sərin Çörək;Bakery;Local;0,4;Bizim;Baku;West
1562;18.03.2024;P6;S4;C114;2;2,7;0,05;Female;18-25;Çudo Şokoladlı desert;Snack;Çudo;1;Bizim;Baku;West
1577;01.12.2023;P7;S4;C220;2;1,18;0,1;Male;36-50;Sərin Çörək;Bakery;Local;0,4;Bizim;Baku;West
1595;22.07.2023;P6;S4;C93;2;2,97;0,1;Male;50+;Çudo Şokoladlı desert;Snack;Çudo;1;Bizim;Baku;West
1626;24.01.2023;P3;S4;C139;2;2,43;0,05;Male;36-50;Milla Süd 1L;Dairy;Milla;1,2;Bizim;Baku;West
1627;13.09.2024;P5;S4;C285;2;4,03;0;Male;50+;Bizim Tarla Pomidor konservi;Canned;Bizim Tarla;1,5;Bizim;Baku;West
1632;08.03.2023;P8;S4;C194;2;5,03;0;Male;50+;Natura Yumurta 10 ədəd;Dairy;Natura;2,2;Bizim;Baku;West
1643;29.01.2023;P10;S4;C284;2;2,88;0,1;Female;18-25;Red Bull 250ml;Beverage;Red Bull;1,7;Bizim;Baku;West
1651;06.07.2023;P1;S4;C195;2;1,81;0,05;Male;36-50;Coca-Cola 1L;Beverage;Coca-Cola;0,8;Bizim;Baku;West
1666;13.07.2023;P8;S4;C173;2;5;0,15;Female;26-35;Natura Yumurta 10 ədəd;Dairy;Natura;2,2;Bizim;Baku;West
1718;23.10.2023;P4;S4;C225;2;9,18;0,05;Male;26-35;Savalan Toyuq filesi;Meat;Savalan;4,5;Bizim;Baku;West
1750;19.03.2024;P9;S4;C95;2;5,1;0;Female;18-25;Pringles Chips;Snack;Pringles;2,8;Bizim;Baku;West
1753;23.12.2023;P2;S4;C276;2;3,87;0,1;Female;50+;Azərsun Günəbaxan Yağı 1L;Grocery;Azersun;2,5;Bizim;Baku;West
1930;03.10.2023;P7;S4;C28;2;0,96;0,1;Male;18-25;Sərin Çörək;Bakery;Local;0,4;Bizim;Baku;West
1935;10.05.2023;P1;S4;C147;2;2,26;0,05;Male;36-50;Coca-Cola 1L;Beverage;Coca-Cola;0,8;Bizim;Baku;West
1983;25.03.2023;P1;S4;C141;2;1,92;0,05;Female;50+;Coca-Cola 1L;Beverage;Coca-Cola;0,8;Bizim;Baku;West
1990;28.01.2024;P4;S4;C49;2;10,57;0,1;Female;50+;Savalan Toyuq filesi;Meat;Savalan;4,5;Bizim;Baku;West
107;05.03.2024;P5;S4;C3;3;4,45;0,1;Male;50+;Bizim Tarla Pomidor konservi;Canned;Bizim Tarla;1,5;Bizim;Baku;West
282;31.10.2023;P10;S4;C157;3;4,44;0,05;Male;36-50;Red Bull 250ml;Beverage;Red Bull;1,7;Bizim;Baku;West
245;27.07.2024;P5;S4;C284;3;2,89;0,1;Female;18-25;Bizim Tarla Pomidor konservi;Canned;Bizim Tarla;1,5;Bizim;Baku;West
243;05.02.2023;P6;S4;C34;3;1,74;0;Female;50+;Çudo Şokoladlı desert;Snack;Çudo;1;Bizim;Baku;West
254;15.01.2024;P4;S4;C38;3;12;0,15;Male;50+;Savalan Toyuq filesi;Meat;Savalan;4,5;Bizim;Baku;West
112;03.06.2023;P4;S4;C73;3;11,74;0,05;Female;18-25;Savalan Toyuq filesi;Meat;Savalan;4,5;Bizim;Baku;West
280;28.10.2023;P7;S4;C44;3;0,92;0;Male;36-50;Sərin Çörək;Bakery;Local;0,4;Bizim;Baku;West
281;11.07.2024;P10;S4;C46;3;3,98;0,15;Female;36-50;Red Bull 250ml;Beverage;Red Bull;1,7;Bizim;Baku;West
263;29.05.2024;P5;S4;C49;3;3,89;0;Female;50+;Bizim Tarla Pomidor konservi;Canned;Bizim Tarla;1,5;Bizim;Baku;West
82;07.08.2024;P1;S4;C101;3;1,53;0,15;Female;50+;Coca-Cola 1L;Beverage;Coca-Cola;0,8;Bizim;Baku;West
167;11.05.2024;P1;S4;C50;3;1,77;0,05;Male;50+;Coca-Cola 1L;Beverage;Coca-Cola;0,8;Bizim;Baku;West
79;13.01.2023;P7;S4;C195;3;0,89;0,1;Male;36-50;Sərin Çörək;Bakery;Local;0,4;Bizim;Baku;West
248;14.08.2023;P5;S4;C195;3;2,97;0,05;Male;36-50;Bizim Tarla Pomidor konservi;Canned;Bizim Tarla;1,5;Bizim;Baku;West
59;23.04.2024;P5;S4;C215;3;3,67;0,1;Female;36-50;Bizim Tarla Pomidor konservi;Canned;Bizim Tarla;1,5;Bizim;Baku;West
278;05.03.2024;P1;S4;C215;3;2,14;0;Female;36-50;Coca-Cola 1L;Beverage;Coca-Cola;0,8;Bizim;Baku;West
201;07.01.2023;P6;S4;C144;3;2,29;0,05;Male;50+;Çudo Şokoladlı desert;Snack;Çudo;1;Bizim;Baku;West
210;25.06.2024;P6;S4;C74;3;1,95;0;Female;26-35;Çudo Şokoladlı desert;Snack;Çudo;1;Bizim;Baku;West
164;17.12.2023;P9;S4;C78;3;5,19;0,05;Female;36-50;Pringles Chips;Snack;Pringles;2,8;Bizim;Baku;West
215;08.02.2024;P8;S4;C212;3;4,53;0,1;Male;26-35;Natura Yumurta 10 ədəd;Dairy;Natura;2,2;Bizim;Baku;West
188;26.03.2024;P6;S4;C272;3;2,78;0;Female;36-50;Çudo Şokoladlı desert;Snack;Çudo;1;Bizim;Baku;West
94;02.01.2024;P2;S4;C185;3;4,39;0,15;Male;26-35;Azərsun Günəbaxan Yağı 1L;Grocery;Azersun;2,5;Bizim;Baku;West
178;19.03.2024;P6;S4;C94;3;1,54;0,1;Female;36-50;Çudo Şokoladlı desert;Snack;Çudo;1;Bizim;Baku;West
148;01.08.2023;P1;S4;C117;3;2,36;0,1;Male;18-25;Coca-Cola 1L;Beverage;Coca-Cola;0,8;Bizim;Baku;West
267;17.12.2023;P6;S4;C116;3;1,57;0;Male;36-50;Çudo Şokoladlı desert;Snack;Çudo;1;Bizim;Baku;West
271;26.07.2023;P3;S4;C130;3;3,19;0,15;Female;26-35;Milla Süd 1L;Dairy;Milla;1,2;Bizim;Baku;West
239;11.06.2024;P5;S4;C282;3;3,43;0,05;Female;18-25;Bizim Tarla Pomidor konservi;Canned;Bizim Tarla;1,5;Bizim;Baku;West
191;28.02.2024;P9;S4;C140;3;6,89;0;Male;26-35;Pringles Chips;Snack;Pringles;2,8;Bizim;Baku;West
223;20.10.2023;P3;S4;C169;3;3,2;0,15;Female;18-25;Milla Süd 1L;Dairy;Milla;1,2;Bizim;Baku;West
214;23.04.2024;P9;S4;C172;3;8,24;0,05;Male;36-50;Pringles Chips;Snack;Pringles;2,8;Bizim;Baku;West
174;02.04.2024;P6;S4;C230;3;3;0,15;Male;18-25;Çudo Şokoladlı desert;Snack;Çudo;1;Bizim;Baku;West
190;11.02.2023;P2;S4;C244;3;7,17;0;Female;36-50;Azərsun Günəbaxan Yağı 1L;Grocery;Azersun;2,5;Bizim;Baku;West
251;04.08.2023;P3;S4;C254;3;3,42;0,05;Male;18-25;Milla Süd 1L;Dairy;Milla;1,2;Bizim;Baku;West
272;08.08.2023;P7;S4;C260;3;1,02;0,15;Female;36-50;Sərin Çörək;Bakery;Local;0,4;Bizim;Baku;West
307;14.08.2024;P4;S4;C30;3;9,84;0,15;Female;50+;Savalan Toyuq filesi;Meat;Savalan;4,5;Bizim;Baku;West
308;31.08.2023;P3;S4;C261;3;3,37;0,15;Male;36-50;Milla Süd 1L;Dairy;Milla;1,2;Bizim;Baku;West
870;09.02.2024;P2;S4;C79;3;7,1;0,1;Male;36-50;Azərsun Günəbaxan Yağı 1L;Grocery;Azersun;2,5;Bizim;Baku;West
935;15.09.2024;P4;S4;C19;3;10,73;0,1;Female;36-50;Savalan Toyuq filesi;Meat;Savalan;4,5;Bizim;Baku;West
968;22.08.2023;P2;S4;C23;3;6,19;0,15;Female;18-25;Azərsun Günəbaxan Yağı 1L;Grocery;Azersun;2,5;Bizim;Baku;West
1008;07.02.2023;P10;S4;C113;3;4,71;0,05;Female;26-35;Red Bull 250ml;Beverage;Red Bull;1,7;Bizim;Baku;West
1039;03.06.2023;P6;S4;C81;3;2,37;0,05;Female;50+;Çudo Şokoladlı desert;Snack;Çudo;1;Bizim;Baku;West
1071;23.02.2023;P1;S4;C300;3;2,16;0,15;Female;18-25;Coca-Cola 1L;Beverage;Coca-Cola;0,8;Bizim;Baku;West
1095;15.02.2024;P2;S4;C252;3;6,73;0,1;Female;36-50;Azərsun Günəbaxan Yağı 1L;Grocery;Azersun;2,5;Bizim;Baku;West
1107;24.05.2023;P7;S4;C213;3;0,79;0,1;Male;36-50;Sərin Çörək;Bakery;Local;0,4;Bizim;Baku;West
1199;31.08.2023;P4;S4;C299;3;7,72;0,05;Female;36-50;Savalan Toyuq filesi;Meat;Savalan;4,5;Bizim;Baku;West
1212;01.01.2024;P3;S4;C213;3;3,43;0,05;Male;36-50;Milla Süd 1L;Dairy;Milla;1,2;Bizim;Baku;West
1296;16.09.2023;P1;S4;C293;3;2,21;0,15;Male;26-35;Coca-Cola 1L;Beverage;Coca-Cola;0,8;Bizim;Baku;West
1297;05.04.2023;P5;S4;C85;3;2,47;0,15;Male;18-25;Bizim Tarla Pomidor konservi;Canned;Bizim Tarla;1,5;Bizim;Baku;West
1327;17.12.2023;P9;S4;C105;3;5,01;0,1;Female;50+;Pringles Chips;Snack;Pringles;2,8;Bizim;Baku;West
1387;01.08.2023;P7;S4;C37;3;0,66;0,1;Male;50+;Sərin Çörək;Bakery;Local;0,4;Bizim;Baku;West
1408;31.05.2024;P4;S4;C225;3;12,84;0,05;Male;26-35;Savalan Toyuq filesi;Meat;Savalan;4,5;Bizim;Baku;West
1412;30.10.2024;P2;S4;C241;3;4,67;0,15;Female;36-50;Azərsun Günəbaxan Yağı 1L;Grocery;Azersun;2,5;Bizim;Baku;West
1416;24.10.2024;P6;S4;C182;3;2,19;0;Female;18-25;Çudo Şokoladlı desert;Snack;Çudo;1;Bizim;Baku;West
1420;26.10.2023;P4;S4;C195;3;8,76;0;Male;36-50;Savalan Toyuq filesi;Meat;Savalan;4,5;Bizim;Baku;West
1433;07.08.2024;P4;S4;C241;3;10,12;0;Female;36-50;Savalan Toyuq filesi;Meat;Savalan;4,5;Bizim;Baku;West
1457;25.09.2023;P2;S4;C201;3;5,95;0;Male;26-35;Azərsun Günəbaxan Yağı 1L;Grocery;Azersun;2,5;Bizim;Baku;West
1458;11.03.2024;P6;S4;C283;3;2,11;0;Male;26-35;Çudo Şokoladlı desert;Snack;Çudo;1;Bizim;Baku;West
1475;27.09.2024;P10;S4;C202;3;2,63;0,05;Male;36-50;Red Bull 250ml;Beverage;Red Bull;1,7;Bizim;Baku;West
1500;17.12.2023;P7;S4;C275;3;1,07;0,1;Female;50+;Sərin Çörək;Bakery;Local;0,4;Bizim;Baku;West
1567;28.02.2023;P3;S4;C37;3;2,64;0;Male;50+;Milla Süd 1L;Dairy;Milla;1,2;Bizim;Baku;West
1572;29.10.2023;P2;S4;C253;3;5,46;0;Female;50+;Azərsun Günəbaxan Yağı 1L;Grocery;Azersun;2,5;Bizim;Baku;West
1587;15.02.2023;P3;S4;C180;3;2,51;0;Female;50+;Milla Süd 1L;Dairy;Milla;1,2;Bizim;Baku;West
1597;18.07.2023;P2;S4;C26;3;5,4;0,05;Male;50+;Azərsun Günəbaxan Yağı 1L;Grocery;Azersun;2,5;Bizim;Baku;West
1622;16.03.2024;P4;S4;C86;3;7,6;0;Female;36-50;Savalan Toyuq filesi;Meat;Savalan;4,5;Bizim;Baku;West
1625;17.09.2024;P3;S4;C299;3;3,54;0,05;Female;36-50;Milla Süd 1L;Dairy;Milla;1,2;Bizim;Baku;West
1636;19.08.2024;P8;S4;C36;3;5,1;0,15;Male;18-25;Natura Yumurta 10 ədəd;Dairy;Natura;2,2;Bizim;Baku;West
1661;03.07.2024;P2;S4;C175;3;4,54;0;Female;36-50;Azərsun Günəbaxan Yağı 1L;Grocery;Azersun;2,5;Bizim;Baku;West
1664;30.10.2023;P8;S4;C107;3;4,99;0,05;Male;36-50;Natura Yumurta 10 ədəd;Dairy;Natura;2,2;Bizim;Baku;West
1688;30.05.2023;P6;S4;C63;3;2,28;0,1;Female;50+;Çudo Şokoladlı desert;Snack;Çudo;1;Bizim;Baku;West
1717;30.11.2023;P3;S4;C224;3;2,45;0;Female;50+;Milla Süd 1L;Dairy;Milla;1,2;Bizim;Baku;West
1723;01.04.2023;P2;S4;C277;3;4,59;0;Female;36-50;Azərsun Günəbaxan Yağı 1L;Grocery;Azersun;2,5;Bizim;Baku;West
1738;17.09.2024;P9;S4;C138;3;8,07;0,1;Male;26-35;Pringles Chips;Snack;Pringles;2,8;Bizim;Baku;West
1778;12.10.2023;P5;S4;C270;3;3,7;0,1;Male;26-35;Bizim Tarla Pomidor konservi;Canned;Bizim Tarla;1,5;Bizim;Baku;West
1790;08.11.2024;P7;S4;C181;3;0,79;0,05;Female;36-50;Sərin Çörək;Bakery;Local;0,4;Bizim;Baku;West
1838;14.06.2024;P4;S4;C240;3;9,4;0,15;Male;26-35;Savalan Toyuq filesi;Meat;Savalan;4,5;Bizim;Baku;West
1855;16.10.2024;P1;S4;C135;3;1,42;0,1;Female;36-50;Coca-Cola 1L;Beverage;Coca-Cola;0,8;Bizim;Baku;West
1912;12.08.2023;P5;S4;C26;3;4,22;0;Male;50+;Bizim Tarla Pomidor konservi;Canned;Bizim Tarla;1,5;Bizim;Baku;West
1948;27.10.2024;P9;S4;C196;3;7,49;0;Male;36-50;Pringles Chips;Snack;Pringles;2,8;Bizim;Baku;West
1960;27.11.2023;P5;S4;C284;3;3,79;0,05;Female;18-25;Bizim Tarla Pomidor konservi;Canned;Bizim Tarla;1,5;Bizim;Baku;West
296;11.07.2024;P1;S4;C274;1;2,26;0,05;Female;36-50;Coca-Cola 1L;Beverage;Coca-Cola;0,8;Bizim;Baku;West
294;02.07.2024;P3;S4;C32;1;2,51;0,1;Female;26-35;Milla Süd 1L;Dairy;Milla;1,2;Bizim;Baku;West
116;11.04.2024;P7;S4;C97;1;1,14;0,1;Female;36-50;Sərin Çörək;Bakery;Local;0,4;Bizim;Baku;West
261;30.01.2024;P8;S4;C36;1;4,91;0,1;Male;18-25;Natura Yumurta 10 ədəd;Dairy;Natura;2,2;Bizim;Baku;West
253;17.12.2023;P7;S4;C37;1;1,15;0,15;Male;50+;Sərin Çörək;Bakery;Local;0,4;Bizim;Baku;West
196;30.04.2023;P7;S4;C101;1;0,68;0,15;Female;50+;Sərin Çörək;Bakery;Local;0,4;Bizim;Baku;West
193;02.08.2024;P9;S4;C54;1;5,41;0,05;Female;36-50;Pringles Chips;Snack;Pringles;2,8;Bizim;Baku;West
141;30.10.2024;P1;S4;C214;1;1,88;0,1;Male;36-50;Coca-Cola 1L;Beverage;Coca-Cola;0,8;Bizim;Baku;West
237;06.07.2024;P1;S4;C204;1;2,13;0,15;Male;26-35;Coca-Cola 1L;Beverage;Coca-Cola;0,8;Bizim;Baku;West
194;28.04.2024;P10;S4;C76;1;3,58;0,15;Male;36-50;Red Bull 250ml;Beverage;Red Bull;1,7;Bizim;Baku;West
206;10.06.2024;P4;S4;C76;1;11,19;0,15;Male;36-50;Savalan Toyuq filesi;Meat;Savalan;4,5;Bizim;Baku;West
199;09.06.2024;P9;S4;C98;1;5,3;0,15;Male;26-35;Pringles Chips;Snack;Pringles;2,8;Bizim;Baku;West
259;27.11.2024;P3;S4;C100;1;2,04;0;Male;36-50;Milla Süd 1L;Dairy;Milla;1,2;Bizim;Baku;West
255;31.07.2024;P3;S4;C108;1;2,65;0;Male;26-35;Milla Süd 1L;Dairy;Milla;1,2;Bizim;Baku;West
238;19.06.2023;P5;S4;C119;1;3,17;0,05;Female;50+;Bizim Tarla Pomidor konservi;Canned;Bizim Tarla;1,5;Bizim;Baku;West
228;10.08.2023;P10;S4;C162;1;4,8;0,15;Female;18-25;Red Bull 250ml;Beverage;Red Bull;1,7;Bizim;Baku;West
288;12.03.2023;P9;S4;C167;1;6,08;0,05;Male;26-35;Pringles Chips;Snack;Pringles;2,8;Bizim;Baku;West
301;05.03.2023;P8;S4;C172;1;4,05;0;Male;36-50;Natura Yumurta 10 ədəd;Dairy;Natura;2,2;Bizim;Baku;West
300;21.11.2023;P2;S4;C181;1;5,12;0,1;Female;36-50;Azərsun Günəbaxan Yağı 1L;Grocery;Azersun;2,5;Bizim;Baku;West
217;18.10.2023;P10;S4;C196;1;3,28;0,1;Male;36-50;Red Bull 250ml;Beverage;Red Bull;1,7;Bizim;Baku;West
220;09.10.2024;P5;S4;C288;1;3,15;0,05;Male;50+;Bizim Tarla Pomidor konservi;Canned;Bizim Tarla;1,5;Bizim;Baku;West
225;06.08.2023;P2;S4;C240;1;6,23;0;Male;26-35;Azərsun Günəbaxan Yağı 1L;Grocery;Azersun;2,5;Bizim;Baku;West
305;11.04.2024;P1;S4;C139;1;2,18;0,15;Male;36-50;Coca-Cola 1L;Beverage;Coca-Cola;0,8;Bizim;Baku;West
896;17.12.2023;P4;S4;C209;1;8,72;0,15;Male;36-50;Savalan Toyuq filesi;Meat;Savalan;4,5;Bizim;Baku;West
904;18.02.2024;P5;S4;C91;1;4,46;0,15;Male;36-50;Bizim Tarla Pomidor konservi;Canned;Bizim Tarla;1,5;Bizim;Baku;West
911;22.08.2024;P6;S4;C51;1;1,78;0;Female;36-50;Çudo Şokoladlı desert;Snack;Çudo;1;Bizim;Baku;West
946;29.05.2023;P3;S4;C135;1;3,49;0;Female;36-50;Milla Süd 1L;Dairy;Milla;1,2;Bizim;Baku;West
978;27.08.2023;P10;S4;C106;1;3,71;0,15;Male;36-50;Red Bull 250ml;Beverage;Red Bull;1,7;Bizim;Baku;West
992;21.01.2023;P6;S4;C231;1;1,59;0,05;Male;18-25;Çudo Şokoladlı desert;Snack;Çudo;1;Bizim;Baku;West
1023;28.06.2024;P2;S4;C118;1;6,13;0,1;Female;50+;Azərsun Günəbaxan Yağı 1L;Grocery;Azersun;2,5;Bizim;Baku;West
1024;17.06.2024;P2;S4;C118;1;5,89;0,1;Female;50+;Azərsun Günəbaxan Yağı 1L;Grocery;Azersun;2,5;Bizim;Baku;West
1109;16.01.2024;P2;S4;C205;1;5,45;0,05;Female;36-50;Azərsun Günəbaxan Yağı 1L;Grocery;Azersun;2,5;Bizim;Baku;West
1129;25.11.2024;P7;S4;C297;1;0,87;0,15;Male;50+;Sərin Çörək;Bakery;Local;0,4;Bizim;Baku;West
1141;27.07.2024;P5;S4;C118;1;3,21;0,05;Female;50+;Bizim Tarla Pomidor konservi;Canned;Bizim Tarla;1,5;Bizim;Baku;West
1153;04.03.2024;P10;S4;C117;1;3;0,05;Male;18-25;Red Bull 250ml;Beverage;Red Bull;1,7;Bizim;Baku;West
1202;07.07.2024;P2;S4;C189;1;4,63;0,05;Male;18-25;Azərsun Günəbaxan Yağı 1L;Grocery;Azersun;2,5;Bizim;Baku;West
1261;18.05.2023;P9;S4;C81;1;7,31;0;Female;50+;Pringles Chips;Snack;Pringles;2,8;Bizim;Baku;West
1280;10.06.2024;P2;S4;C155;1;6,42;0;Female;36-50;Azərsun Günəbaxan Yağı 1L;Grocery;Azersun;2,5;Bizim;Baku;West
1283;31.01.2023;P10;S4;C39;1;2,93;0,05;Male;26-35;Red Bull 250ml;Beverage;Red Bull;1,7;Bizim;Baku;West
1284;07.06.2024;P5;S4;C220;1;3,75;0,05;Male;36-50;Bizim Tarla Pomidor konservi;Canned;Bizim Tarla;1,5;Bizim;Baku;West
1338;24.08.2024;P10;S4;C20;1;4,25;0,05;Male;50+;Red Bull 250ml;Beverage;Red Bull;1,7;Bizim;Baku;West
1340;13.11.2024;P7;S4;C246;1;1,19;0;Male;50+;Sərin Çörək;Bakery;Local;0,4;Bizim;Baku;West
1351;30.04.2024;P2;S4;C65;1;6,65;0,05;Male;36-50;Azərsun Günəbaxan Yağı 1L;Grocery;Azersun;2,5;Bizim;Baku;West
1369;21.02.2024;P4;S4;C119;1;12,94;0,05;Female;50+;Savalan Toyuq filesi;Meat;Savalan;4,5;Bizim;Baku;West
1378;13.10.2024;P9;S4;C75;1;8,02;0,05;Female;50+;Pringles Chips;Snack;Pringles;2,8;Bizim;Baku;West
1401;30.01.2024;P10;S4;C203;1;4,57;0;Male;36-50;Red Bull 250ml;Beverage;Red Bull;1,7;Bizim;Baku;West
1436;17.12.2023;P5;S4;C49;1;4,41;0,15;Female;50+;Bizim Tarla Pomidor konservi;Canned;Bizim Tarla;1,5;Bizim;Baku;West
1444;31.07.2023;P7;S4;C293;1;0,9;0,15;Male;26-35;Sərin Çörək;Bakery;Local;0,4;Bizim;Baku;West
1451;20.02.2023;P6;S4;C273;1;2,34;0,1;Female;50+;Çudo Şokoladlı desert;Snack;Çudo;1;Bizim;Baku;West
1454;13.03.2023;P3;S4;C123;1;3,3;0,15;Female;36-50;Milla Süd 1L;Dairy;Milla;1,2;Bizim;Baku;West
1492;30.03.2023;P9;S4;C173;1;5,32;0,1;Female;26-35;Pringles Chips;Snack;Pringles;2,8;Bizim;Baku;West
1561;17.12.2023;P3;S4;C209;1;2,4;0;Male;36-50;Milla Süd 1L;Dairy;Milla;1,2;Bizim;Baku;West
1564;29.09.2024;P3;S4;C207;1;2,88;0;Male;26-35;Milla Süd 1L;Dairy;Milla;1,2;Bizim;Baku;West
1566;06.05.2023;P2;S4;C280;1;4,21;0,05;Male;50+;Azərsun Günəbaxan Yağı 1L;Grocery;Azersun;2,5;Bizim;Baku;West
1580;24.07.2024;P2;S4;C4;1;7,07;0,1;Male;18-25;Azərsun Günəbaxan Yağı 1L;Grocery;Azersun;2,5;Bizim;Baku;West
1590;30.09.2024;P7;S4;C271;1;0,82;0,1;Male;26-35;Sərin Çörək;Bakery;Local;0,4;Bizim;Baku;West
1624;22.01.2024;P2;S4;C197;1;5,73;0;Female;26-35;Azərsun Günəbaxan Yağı 1L;Grocery;Azersun;2,5;Bizim;Baku;West
1649;20.03.2023;P4;S4;C228;1;10,82;0,15;Female;36-50;Savalan Toyuq filesi;Meat;Savalan;4,5;Bizim;Baku;West
1656;18.06.2024;P6;S4;C225;1;2,13;0,1;Male;26-35;Çudo Şokoladlı desert;Snack;Çudo;1;Bizim;Baku;West
1668;29.02.2024;P3;S4;C137;1;2,04;0;Male;50+;Milla Süd 1L;Dairy;Milla;1,2;Bizim;Baku;West
1679;29.07.2024;P9;S4;C142;1;8,17;0,1;Male;18-25;Pringles Chips;Snack;Pringles;2,8;Bizim;Baku;West
1699;10.10.2024;P4;S4;C273;1;10,98;0,1;Female;50+;Savalan Toyuq filesi;Meat;Savalan;4,5;Bizim;Baku;West
1710;13.12.2024;P10;S4;C150;1;3,5;0,05;Female;18-25;Red Bull 250ml;Beverage;Red Bull;1,7;Bizim;Baku;West
1719;16.08.2023;P7;S4;C94;1;0,96;0;Female;36-50;Sərin Çörək;Bakery;Local;0,4;Bizim;Baku;West
1726;03.04.2023;P9;S4;C110;1;8,13;0,1;Female;36-50;Pringles Chips;Snack;Pringles;2,8;Bizim;Baku;West
1742;10.10.2024;P6;S4;C152;1;2,27;0,15;Male;26-35;Çudo Şokoladlı desert;Snack;Çudo;1;Bizim;Baku;West
1744;13.04.2023;P1;S4;C50;1;2,26;0,15;Male;50+;Coca-Cola 1L;Beverage;Coca-Cola;0,8;Bizim;Baku;West
1769;31.10.2023;P2;S4;C81;1;4,19;0,05;Female;50+;Azərsun Günəbaxan Yağı 1L;Grocery;Azersun;2,5;Bizim;Baku;West
1787;05.10.2024;P9;S4;C13;1;4,81;0,05;Female;36-50;Pringles Chips;Snack;Pringles;2,8;Bizim;Baku;West
1800;30.09.2023;P10;S4;C207;1;4,29;0,05;Male;26-35;Red Bull 250ml;Beverage;Red Bull;1,7;Bizim;Baku;West
1804;13.06.2023;P4;S4;C117;1;9,15;0,1;Male;18-25;Savalan Toyuq filesi;Meat;Savalan;4,5;Bizim;Baku;West
1819;09.05.2023;P3;S4;C213;1;1,81;0,05;Male;36-50;Milla Süd 1L;Dairy;Milla;1,2;Bizim;Baku;West
1826;04.10.2024;P3;S4;C22;1;2,45;0,15;Male;36-50;Milla Süd 1L;Dairy;Milla;1,2;Bizim;Baku;West
1850;27.10.2023;P4;S4;C245;1;9,54;0,05;Male;26-35;Savalan Toyuq filesi;Meat;Savalan;4,5;Bizim;Baku;West
1851;01.05.2024;P6;S4;C264;1;1,64;0,05;Female;36-50;Çudo Şokoladlı desert;Snack;Çudo;1;Bizim;Baku;West
1873;03.11.2023;P1;S4;C270;1;1,42;0;Male;26-35;Coca-Cola 1L;Beverage;Coca-Cola;0,8;Bizim;Baku;West
1876;15.05.2024;P8;S4;C221;1;6,55;0;Female;50+;Natura Yumurta 10 ədəd;Dairy;Natura;2,2;Bizim;Baku;West
1880;09.10.2023;P7;S4;C11;1;1,06;0,15;Female;36-50;Sərin Çörək;Bakery;Local;0,4;Bizim;Baku;West
1902;19.08.2024;P5;S4;C246;1;3,66;0,1;Male;50+;Bizim Tarla Pomidor konservi;Canned;Bizim Tarla;1,5;Bizim;Baku;West
1937;29.12.2024;P8;S4;C140;1;5,78;0,05;Male;26-35;Natura Yumurta 10 ədəd;Dairy;Natura;2,2;Bizim;Baku;West
1972;06.05.2024;P8;S4;C229;1;4,41;0,05;Female;18-25;Natura Yumurta 10 ədəd;Dairy;Natura;2,2;Bizim;Baku;West
1973;03.12.2024;P4;S4;C203;1;7,36;0,1;Male;36-50;Savalan Toyuq filesi;Meat;Savalan;4,5;Bizim;Baku;West
1981;17.01.2023;P1;S4;C141;1;1,64;0,05;Female;50+;Coca-Cola 1L;Beverage;Coca-Cola;0,8;Bizim;Baku;West
264;25.03.2023;P9;S4;C1;5;6,11;0;Male;26-35;Pringles Chips;Snack;Pringles;2,8;Bizim;Baku;West
268;18.06.2023;P5;S4;C24;5;3,07;0,15;Male;50+;Bizim Tarla Pomidor konservi;Canned;Bizim Tarla;1,5;Bizim;Baku;West
166;23.02.2024;P5;S4;C9;5;2,73;0,15;Female;18-25;Bizim Tarla Pomidor konservi;Canned;Bizim Tarla;1,5;Bizim;Baku;West
173;28.02.2024;P6;S4;C152;5;2,5;0,1;Male;26-35;Çudo Şokoladlı desert;Snack;Çudo;1;Bizim;Baku;West
258;20.10.2023;P2;S4;C20;5;4,11;0;Male;50+;Azərsun Günəbaxan Yağı 1L;Grocery;Azersun;2,5;Bizim;Baku;West
285;03.02.2023;P3;S4;C41;5;2,34;0,05;Female;26-35;Milla Süd 1L;Dairy;Milla;1,2;Bizim;Baku;West
162;03.06.2023;P5;S4;C46;5;4,14;0;Female;36-50;Bizim Tarla Pomidor konservi;Canned;Bizim Tarla;1,5;Bizim;Baku;West
277;21.05.2024;P7;S4;C237;5;1,15;0,15;Male;18-25;Sərin Çörək;Bakery;Local;0,4;Bizim;Baku;West
256;08.10.2024;P2;S4;C54;5;4,91;0,1;Female;36-50;Azərsun Günəbaxan Yağı 1L;Grocery;Azersun;2,5;Bizim;Baku;West
234;10.08.2024;P10;S4;C61;5;4,58;0;Male;26-35;Red Bull 250ml;Beverage;Red Bull;1,7;Bizim;Baku;West
160;08.04.2023;P1;S4;C65;5;1,26;0,1;Male;36-50;Coca-Cola 1L;Beverage;Coca-Cola;0,8;Bizim;Baku;West
80;30.06.2024;P2;S4;C66;5;5,26;0,15;Male;26-35;Azərsun Günəbaxan Yağı 1L;Grocery;Azersun;2,5;Bizim;Baku;West
212;16.07.2023;P6;S4;C66;5;1,51;0,1;Male;26-35;Çudo Şokoladlı desert;Snack;Çudo;1;Bizim;Baku;West
229;05.03.2024;P8;S4;C214;5;4,06;0;Male;36-50;Natura Yumurta 10 ədəd;Dairy;Natura;2,2;Bizim;Baku;West
207;29.07.2023;P10;S4;C72;5;4,66;0;Male;26-35;Red Bull 250ml;Beverage;Red Bull;1,7;Bizim;Baku;West
121;16.10.2024;P2;S4;C204;5;4,04;0,15;Male;26-35;Azərsun Günəbaxan Yağı 1L;Grocery;Azersun;2,5;Bizim;Baku;West
235;02.08.2023;P9;S4;C272;5;6,99;0;Female;36-50;Pringles Chips;Snack;Pringles;2,8;Bizim;Baku;West
295;28.05.2023;P7;S4;C88;5;0,94;0,15;Male;50+;Sərin Çörək;Bakery;Local;0,4;Bizim;Baku;West
257;17.10.2024;P10;S4;C93;5;2,84;0;Male;50+;Red Bull 250ml;Beverage;Red Bull;1,7;Bizim;Baku;West
299;04.01.2024;P3;S4;C106;5;3,07;0,1;Male;36-50;Milla Süd 1L;Dairy;Milla;1,2;Bizim;Baku;West
269;06.06.2024;P1;S4;C180;5;2,07;0,05;Female;50+;Coca-Cola 1L;Beverage;Coca-Cola;0,8;Bizim;Baku;West
115;02.06.2023;P7;S4;C142;5;0,74;0,1;Male;18-25;Sərin Çörək;Bakery;Local;0,4;Bizim;Baku;West
192;09.09.2023;P1;S4;C126;5;1,42;0,15;Male;50+;Coca-Cola 1L;Beverage;Coca-Cola;0,8;Bizim;Baku;West
286;02.10.2024;P2;S4;C127;5;4,1;0,05;Female;36-50;Azərsun Günəbaxan Yağı 1L;Grocery;Azersun;2,5;Bizim;Baku;West
270;26.07.2023;P9;S4;C130;5;7,38;0;Female;26-35;Pringles Chips;Snack;Pringles;2,8;Bizim;Baku;West
132;12.10.2024;P4;S4;C192;5;13,06;0,15;Female;26-35;Savalan Toyuq filesi;Meat;Savalan;4,5;Bizim;Baku;West
155;23.05.2023;P10;S4;C282;5;3,91;0,1;Female;18-25;Red Bull 250ml;Beverage;Red Bull;1,7;Bizim;Baku;West
240;06.09.2024;P7;S4;C206;5;0,71;0,1;Female;36-50;Sərin Çörək;Bakery;Local;0,4;Bizim;Baku;West
197;25.03.2023;P2;S4;C169;5;6,13;0,05;Female;18-25;Azərsun Günəbaxan Yağı 1L;Grocery;Azersun;2,5;Bizim;Baku;West
275;13.09.2024;P9;S4;C270;5;4,96;0,05;Male;26-35;Pringles Chips;Snack;Pringles;2,8;Bizim;Baku;West
202;17.12.2023;P6;S4;C172;5;1,67;0,15;Male;36-50;Çudo Şokoladlı desert;Snack;Çudo;1;Bizim;Baku;West
247;06.06.2023;P10;S4;C235;5;4,85;0;Male;50+;Red Bull 250ml;Beverage;Red Bull;1,7;Bizim;Baku;West
208;11.02.2023;P2;S4;C249;5;6,46;0,15;Female;18-25;Azərsun Günəbaxan Yağı 1L;Grocery;Azersun;2,5;Bizim;Baku;West
226;30.10.2023;P7;S4;C222;5;0,88;0;Female;18-25;Sərin Çörək;Bakery;Local;0,4;Bizim;Baku;West
231;02.01.2024;P7;S4;C262;5;0,61;0,1;Male;18-25;Sərin Çörək;Bakery;Local;0,4;Bizim;Baku;West
236;19.11.2023;P3;S4;C295;5;1,88;0,15;Female;18-25;Milla Süd 1L;Dairy;Milla;1,2;Bizim;Baku;West
325;25.01.2024;P2;S4;C229;5;7,46;0,1;Female;18-25;Azərsun Günəbaxan Yağı 1L;Grocery;Azersun;2,5;Bizim;Baku;West
848;22.09.2023;P8;S4;C173;5;6,2;0;Female;26-35;Natura Yumurta 10 ədəd;Dairy;Natura;2,2;Bizim;Baku;West
960;24.05.2024;P7;S4;C36;5;1,07;0;Male;18-25;Sərin Çörək;Bakery;Local;0,4;Bizim;Baku;West
972;05.01.2024;P6;S4;C62;5;1,7;0,1;Male;36-50;Çudo Şokoladlı desert;Snack;Çudo;1;Bizim;Baku;West
1002;20.07.2023;P5;S4;C72;5;4,3;0;Male;26-35;Bizim Tarla Pomidor konservi;Canned;Bizim Tarla;1,5;Bizim;Baku;West
1075;20.04.2024;P7;S4;C99;5;0,66;0,05;Male;50+;Sərin Çörək;Bakery;Local;0,4;Bizim;Baku;West
1119;15.04.2024;P6;S4;C73;5;2,21;0;Female;18-25;Çudo Şokoladlı desert;Snack;Çudo;1;Bizim;Baku;West
1144;22.06.2023;P6;S4;C81;5;2,74;0,1;Female;50+;Çudo Şokoladlı desert;Snack;Çudo;1;Bizim;Baku;West
1157;25.02.2023;P8;S4;C158;5;3,52;0;Female;26-35;Natura Yumurta 10 ədəd;Dairy;Natura;2,2;Bizim;Baku;West
1189;31.03.2023;P9;S4;C212;5;6,34;0,05;Male;26-35;Pringles Chips;Snack;Pringles;2,8;Bizim;Baku;West
1218;06.08.2023;P2;S4;C61;5;4,27;0,05;Male;26-35;Azərsun Günəbaxan Yağı 1L;Grocery;Azersun;2,5;Bizim;Baku;West
1248;17.12.2023;P3;S4;C120;5;3,25;0,05;Male;36-50;Milla Süd 1L;Dairy;Milla;1,2;Bizim;Baku;West
1267;06.03.2024;P5;S4;C83;5;2,74;0,1;Female;26-35;Bizim Tarla Pomidor konservi;Canned;Bizim Tarla;1,5;Bizim;Baku;West
1274;25.04.2024;P2;S4;C214;5;5,69;0,15;Male;36-50;Azərsun Günəbaxan Yağı 1L;Grocery;Azersun;2,5;Bizim;Baku;West
1281;21.01.2023;P7;S4;C157;5;1,11;0,1;Male;36-50;Sərin Çörək;Bakery;Local;0,4;Bizim;Baku;West
1322;12.04.2023;P9;S4;C107;5;8,27;0;Male;36-50;Pringles Chips;Snack;Pringles;2,8;Bizim;Baku;West
1328;22.01.2023;P9;S4;C217;5;6,79;0,1;Female;26-35;Pringles Chips;Snack;Pringles;2,8;Bizim;Baku;West
1379;28.11.2023;P3;S4;C71;5;3,13;0;Female;36-50;Milla Süd 1L;Dairy;Milla;1,2;Bizim;Baku;West
1382;30.07.2023;P6;S4;C62;5;1,56;0,1;Male;36-50;Çudo Şokoladlı desert;Snack;Çudo;1;Bizim;Baku;West
1430;02.01.2024;P8;S4;C118;5;5,38;0,1;Female;50+;Natura Yumurta 10 ədəd;Dairy;Natura;2,2;Bizim;Baku;West
1445;14.10.2024;P4;S4;C101;5;6,91;0,15;Female;50+;Savalan Toyuq filesi;Meat;Savalan;4,5;Bizim;Baku;West
1459;26.04.2023;P5;S4;C231;5;2,77;0,05;Male;18-25;Bizim Tarla Pomidor konservi;Canned;Bizim Tarla;1,5;Bizim;Baku;West
1482;28.05.2024;P8;S4;C223;5;4,22;0;Female;26-35;Natura Yumurta 10 ədəd;Dairy;Natura;2,2;Bizim;Baku;West
1484;13.04.2024;P9;S4;C273;5;5,28;0,05;Female;50+;Pringles Chips;Snack;Pringles;2,8;Bizim;Baku;West
1501;10.06.2023;P2;S4;C104;5;4,01;0,1;Male;36-50;Azərsun Günəbaxan Yağı 1L;Grocery;Azersun;2,5;Bizim;Baku;West
1502;07.05.2023;P5;S4;C77;5;3,63;0,1;Male;26-35;Bizim Tarla Pomidor konservi;Canned;Bizim Tarla;1,5;Bizim;Baku;West
1506;12.03.2024;P8;S4;C297;5;5;0,1;Male;50+;Natura Yumurta 10 ədəd;Dairy;Natura;2,2;Bizim;Baku;West
1518;14.10.2023;P1;S4;C80;5;1,32;0,05;Male;36-50;Coca-Cola 1L;Beverage;Coca-Cola;0,8;Bizim;Baku;West
1541;26.10.2024;P4;S4;C228;5;6,99;0,05;Female;36-50;Savalan Toyuq filesi;Meat;Savalan;4,5;Bizim;Baku;West
1551;02.05.2024;P9;S4;C171;5;7,54;0,1;Male;36-50;Pringles Chips;Snack;Pringles;2,8;Bizim;Baku;West
1575;17.04.2023;P10;S4;C231;5;4,24;0,1;Male;18-25;Red Bull 250ml;Beverage;Red Bull;1,7;Bizim;Baku;West
1608;05.01.2024;P2;S4;C183;5;4,03;0,05;Male;50+;Azərsun Günəbaxan Yağı 1L;Grocery;Azersun;2,5;Bizim;Baku;West
1615;29.12.2023;P4;S4;C26;5;12,4;0,1;Male;50+;Savalan Toyuq filesi;Meat;Savalan;4,5;Bizim;Baku;West
1621;18.12.2023;P2;S4;C76;5;7,07;0,15;Male;36-50;Azərsun Günəbaxan Yağı 1L;Grocery;Azersun;2,5;Bizim;Baku;West
1654;23.12.2024;P7;S4;C77;5;0,93;0,15;Male;26-35;Sərin Çörək;Bakery;Local;0,4;Bizim;Baku;West
1660;26.05.2023;P1;S4;C25;5;2,27;0,15;Female;18-25;Coca-Cola 1L;Beverage;Coca-Cola;0,8;Bizim;Baku;West
1662;10.12.2023;P8;S4;C81;5;6,25;0,1;Female;50+;Natura Yumurta 10 ədəd;Dairy;Natura;2,2;Bizim;Baku;West
1675;14.04.2023;P9;S4;C13;5;7,94;0;Female;36-50;Pringles Chips;Snack;Pringles;2,8;Bizim;Baku;West
1733;28.11.2024;P9;S4;C272;5;6,63;0,1;Female;36-50;Pringles Chips;Snack;Pringles;2,8;Bizim;Baku;West
1754;09.12.2024;P4;S4;C281;5;7,26;0;Male;26-35;Savalan Toyuq filesi;Meat;Savalan;4,5;Bizim;Baku;West
1756;03.02.2024;P2;S4;C9;5;6,28;0,05;Female;18-25;Azərsun Günəbaxan Yağı 1L;Grocery;Azersun;2,5;Bizim;Baku;West
1758;12.11.2024;P9;S4;C173;5;6,31;0,1;Female;26-35;Pringles Chips;Snack;Pringles;2,8;Bizim;Baku;West
1764;15.06.2023;P10;S4;C300;5;3,61;0;Female;18-25;Red Bull 250ml;Beverage;Red Bull;1,7;Bizim;Baku;West
1798;16.03.2024;P10;S4;C59;5;3,28;0,15;Female;50+;Red Bull 250ml;Beverage;Red Bull;1,7;Bizim;Baku;West
1807;29.06.2023;P7;S4;C2;5;0,73;0,05;Female;36-50;Sərin Çörək;Bakery;Local;0,4;Bizim;Baku;West
1849;19.06.2023;P5;S4;C280;5;2,37;0,05;Male;50+;Bizim Tarla Pomidor konservi;Canned;Bizim Tarla;1,5;Bizim;Baku;West
1857;04.11.2023;P1;S4;C12;5;2,02;0,05;Female;50+;Coca-Cola 1L;Beverage;Coca-Cola;0,8;Bizim;Baku;West
1867;18.11.2023;P10;S4;C98;5;4,1;0;Male;26-35;Red Bull 250ml;Beverage;Red Bull;1,7;Bizim;Baku;West
1871;24.09.2024;P9;S4;C170;5;6,15;0;Female;50+;Pringles Chips;Snack;Pringles;2,8;Bizim;Baku;West
1910;22.03.2024;P5;S4;C87;5;3,21;0;Female;18-25;Bizim Tarla Pomidor konservi;Canned;Bizim Tarla;1,5;Bizim;Baku;West
1926;17.07.2023;P3;S4;C272;5;1,88;0;Female;36-50;Milla Süd 1L;Dairy;Milla;1,2;Bizim;Baku;West
1944;30.10.2023;P6;S4;C156;5;1,55;0,1;Male;50+;Çudo Şokoladlı desert;Snack;Çudo;1;Bizim;Baku;West
1996;26.05.2024;P3;S4;C86;5;1,87;0,1;Female;36-50;Milla Süd 1L;Dairy;Milla;1,2;Bizim;Baku;West
93;10.01.2024;P3;S3;C279;5;2,75;0,1;Female;26-35;Milla Süd 1L;Dairy;Milla;1,2;Favorit;Sumqayit;North
163;09.09.2024;P9;S3;C33;1;4,53;0,1;Female;36-50;Pringles Chips;Snack;Pringles;2,8;Favorit;Sumqayit;North
185;14.11.2023;P8;S3;C21;3;3,51;0,1;Male;18-25;Natura Yumurta 10 ədəd;Dairy;Natura;2,2;Favorit;Sumqayit;North
77;07.11.2023;P3;S3;C284;3;3,29;0,1;Female;18-25;Milla Süd 1L;Dairy;Milla;1,2;Favorit;Sumqayit;North
154;30.08.2023;P10;S3;C177;4;5,02;0,1;Male;36-50;Red Bull 250ml;Beverage;Red Bull;1,7;Favorit;Sumqayit;North
113;04.06.2024;P1;S3;C44;1;1,48;0,05;Male;36-50;Coca-Cola 1L;Beverage;Coca-Cola;0,8;Favorit;Sumqayit;North
184;17.01.2024;P4;S3;C44;1;8,1;0,15;Male;36-50;Savalan Toyuq filesi;Meat;Savalan;4,5;Favorit;Sumqayit;North
142;21.12.2023;P3;S3;C49;5;2,35;0;Female;50+;Milla Süd 1L;Dairy;Milla;1,2;Favorit;Sumqayit;North
90;10.07.2023;P7;S3;C215;5;0,65;0,1;Female;36-50;Sərin Çörək;Bakery;Local;0,4;Favorit;Sumqayit;North
63;21.07.2024;P6;S3;C134;2;2,9;0,05;Male;18-25;Çudo Şokoladlı desert;Snack;Çudo;1;Favorit;Sumqayit;North
70;25.09.2023;P4;S3;C275;2;10,49;0;Female;50+;Savalan Toyuq filesi;Meat;Savalan;4,5;Favorit;Sumqayit;North
71;02.02.2023;P8;S3;C214;1;4,76;0,1;Male;36-50;Natura Yumurta 10 ədəd;Dairy;Natura;2,2;Favorit;Sumqayit;North
176;01.09.2024;P2;S3;C71;5;6,8;0;Female;36-50;Azərsun Günəbaxan Yağı 1L;Grocery;Azersun;2,5;Favorit;Sumqayit;North
73;13.08.2023;P9;S3;C211;2;5,7;0,15;Male;18-25;Pringles Chips;Snack;Pringles;2,8;Favorit;Sumqayit;North
186;08.01.2023;P1;S3;C204;1;1,85;0,15;Male;26-35;Coca-Cola 1L;Beverage;Coca-Cola;0,8;Favorit;Sumqayit;North
81;05.10.2023;P5;S3;C212;5;3,37;0,15;Male;26-35;Bizim Tarla Pomidor konservi;Canned;Bizim Tarla;1,5;Favorit;Sumqayit;North
122;21.10.2024;P4;S3;C85;4;6,85;0,1;Male;18-25;Savalan Toyuq filesi;Meat;Savalan;4,5;Favorit;Sumqayit;North
183;22.03.2024;P6;S3;C85;2;2,47;0,05;Male;18-25;Çudo Şokoladlı desert;Snack;Çudo;1;Favorit;Sumqayit;North
133;08.06.2024;P4;S3;C86;5;11,13;0,1;Female;36-50;Savalan Toyuq filesi;Meat;Savalan;4,5;Favorit;Sumqayit;North
159;28.07.2024;P6;S3;C88;5;2,09;0;Male;50+;Çudo Şokoladlı desert;Snack;Çudo;1;Favorit;Sumqayit;North
156;28.02.2024;P1;S3;C94;3;1,42;0,15;Female;36-50;Coca-Cola 1L;Beverage;Coca-Cola;0,8;Favorit;Sumqayit;North
103;03.01.2023;P6;S3;C267;4;1,89;0,1;Male;18-25;Çudo Şokoladlı desert;Snack;Çudo;1;Favorit;Sumqayit;North
109;08.03.2023;P9;S3;C104;4;8,07;0,05;Male;36-50;Pringles Chips;Snack;Pringles;2,8;Favorit;Sumqayit;North
106;24.06.2024;P9;S3;C129;1;7,1;0,05;Male;26-35;Pringles Chips;Snack;Pringles;2,8;Favorit;Sumqayit;North
117;11.08.2024;P8;S3;C273;2;6,14;0,1;Female;50+;Natura Yumurta 10 ədəd;Dairy;Natura;2,2;Favorit;Sumqayit;North
127;24.09.2023;P1;S3;C141;1;1,65;0,15;Female;50+;Coca-Cola 1L;Beverage;Coca-Cola;0,8;Favorit;Sumqayit;North
145;13.08.2024;P9;S3;C206;1;4,25;0,05;Female;36-50;Pringles Chips;Snack;Pringles;2,8;Favorit;Sumqayit;North
150;09.02.2023;P8;S3;C227;3;5,34;0,1;Male;36-50;Natura Yumurta 10 ədəd;Dairy;Natura;2,2;Favorit;Sumqayit;North
170;09.09.2024;P9;S3;C183;1;4,35;0,15;Male;50+;Pringles Chips;Snack;Pringles;2,8;Favorit;Sumqayit;North
181;22.07.2024;P7;S3;C296;3;0,73;0,1;Female;36-50;Sərin Çörək;Bakery;Local;0,4;Favorit;Sumqayit;North
314;12.09.2023;P9;S3;C126;2;7,25;0;Male;50+;Pringles Chips;Snack;Pringles;2,8;Favorit;Sumqayit;North
324;10.05.2024;P9;S3;C66;3;5,02;0,15;Male;26-35;Pringles Chips;Snack;Pringles;2,8;Favorit;Sumqayit;North
843;05.12.2023;P7;S3;C215;5;1,01;0,1;Female;36-50;Sərin Çörək;Bakery;Local;0,4;Favorit;Sumqayit;North
849;17.01.2023;P7;S3;C160;3;0,71;0,05;Male;26-35;Sərin Çörək;Bakery;Local;0,4;Favorit;Sumqayit;North
850;11.10.2023;P3;S3;C73;3;3,59;0,1;Female;18-25;Milla Süd 1L;Dairy;Milla;1,2;Favorit;Sumqayit;North
851;22.03.2024;P2;S3;C144;2;5,37;0,05;Male;50+;Azərsun Günəbaxan Yağı 1L;Grocery;Azersun;2,5;Favorit;Sumqayit;North
852;17.12.2023;P2;S3;C56;2;5,42;0;Male;18-25;Azərsun Günəbaxan Yağı 1L;Grocery;Azersun;2,5;Favorit;Sumqayit;North
854;04.04.2024;P5;S3;C57;2;2,58;0,1;Female;50+;Bizim Tarla Pomidor konservi;Canned;Bizim Tarla;1,5;Favorit;Sumqayit;North
862;27.01.2024;P10;S3;C243;1;3,23;0,1;Male;26-35;Red Bull 250ml;Beverage;Red Bull;1,7;Favorit;Sumqayit;North
866;23.05.2024;P10;S3;C287;5;3,09;0,05;Female;26-35;Red Bull 250ml;Beverage;Red Bull;1,7;Favorit;Sumqayit;North
869;16.06.2024;P3;S3;C10;5;3,53;0,05;Male;18-25;Milla Süd 1L;Dairy;Milla;1,2;Favorit;Sumqayit;North
871;18.04.2024;P3;S3;C215;2;3,42;0,15;Female;36-50;Milla Süd 1L;Dairy;Milla;1,2;Favorit;Sumqayit;North
873;24.03.2023;P9;S3;C156;2;4,3;0,15;Male;50+;Pringles Chips;Snack;Pringles;2,8;Favorit;Sumqayit;North
877;06.10.2023;P5;S3;C12;1;4,27;0,15;Female;50+;Bizim Tarla Pomidor konservi;Canned;Bizim Tarla;1,5;Favorit;Sumqayit;North
897;04.08.2024;P5;S3;C88;5;3,87;0;Male;50+;Bizim Tarla Pomidor konservi;Canned;Bizim Tarla;1,5;Favorit;Sumqayit;North
906;16.04.2024;P5;S3;C36;5;3,28;0;Male;18-25;Bizim Tarla Pomidor konservi;Canned;Bizim Tarla;1,5;Favorit;Sumqayit;North
912;30.11.2024;P8;S3;C236;4;3,31;0,1;Female;26-35;Natura Yumurta 10 ədəd;Dairy;Natura;2,2;Favorit;Sumqayit;North
916;24.11.2023;P5;S3;C188;2;4,39;0;Female;18-25;Bizim Tarla Pomidor konservi;Canned;Bizim Tarla;1,5;Favorit;Sumqayit;North
917;09.11.2023;P5;S3;C202;1;3,84;0,1;Male;36-50;Bizim Tarla Pomidor konservi;Canned;Bizim Tarla;1,5;Favorit;Sumqayit;North
920;09.04.2024;P3;S3;C149;4;2,76;0,05;Male;50+;Milla Süd 1L;Dairy;Milla;1,2;Favorit;Sumqayit;North
922;12.03.2023;P8;S3;C174;5;3,62;0,15;Male;18-25;Natura Yumurta 10 ədəd;Dairy;Natura;2,2;Favorit;Sumqayit;North
926;14.04.2023;P2;S3;C107;3;4,15;0,15;Male;36-50;Azərsun Günəbaxan Yağı 1L;Grocery;Azersun;2,5;Favorit;Sumqayit;North
931;06.11.2024;P6;S3;C95;4;1,87;0,05;Female;18-25;Çudo Şokoladlı desert;Snack;Çudo;1;Favorit;Sumqayit;North
936;03.04.2024;P10;S3;C277;2;4,56;0,05;Female;36-50;Red Bull 250ml;Beverage;Red Bull;1,7;Favorit;Sumqayit;North
938;30.01.2023;P3;S3;C204;2;2,78;0,05;Male;26-35;Milla Süd 1L;Dairy;Milla;1,2;Favorit;Sumqayit;North
939;04.03.2024;P8;S3;C160;4;4,75;0,1;Male;26-35;Natura Yumurta 10 ədəd;Dairy;Natura;2,2;Favorit;Sumqayit;North
940;25.05.2023;P8;S3;C29;5;4,89;0;Female;18-25;Natura Yumurta 10 ədəd;Dairy;Natura;2,2;Favorit;Sumqayit;North
951;06.07.2023;P3;S3;C254;5;1,83;0,15;Male;18-25;Milla Süd 1L;Dairy;Milla;1,2;Favorit;Sumqayit;North
953;07.10.2024;P10;S3;C172;3;4,53;0;Male;36-50;Red Bull 250ml;Beverage;Red Bull;1,7;Favorit;Sumqayit;North
963;05.11.2024;P6;S3;C26;5;1,86;0,15;Male;50+;Çudo Şokoladlı desert;Snack;Çudo;1;Favorit;Sumqayit;North
967;28.04.2023;P8;S3;C115;3;5,28;0,1;Male;26-35;Natura Yumurta 10 ədəd;Dairy;Natura;2,2;Favorit;Sumqayit;North
974;25.10.2023;P2;S3;C185;1;7,36;0,1;Male;26-35;Azərsun Günəbaxan Yağı 1L;Grocery;Azersun;2,5;Favorit;Sumqayit;North
975;24.09.2023;P10;S3;C242;5;5,04;0;Female;50+;Red Bull 250ml;Beverage;Red Bull;1,7;Favorit;Sumqayit;North
977;21.10.2023;P8;S3;C68;1;4,74;0,05;Female;18-25;Natura Yumurta 10 ədəd;Dairy;Natura;2,2;Favorit;Sumqayit;North
981;19.09.2024;P6;S3;C20;4;1,88;0,1;Male;50+;Çudo Şokoladlı desert;Snack;Çudo;1;Favorit;Sumqayit;North
988;09.01.2024;P9;S3;C141;3;8,27;0,05;Female;50+;Pringles Chips;Snack;Pringles;2,8;Favorit;Sumqayit;North
989;16.07.2024;P8;S3;C236;1;4,97;0;Female;26-35;Natura Yumurta 10 ədəd;Dairy;Natura;2,2;Favorit;Sumqayit;North
997;10.09.2023;P9;S3;C218;5;6,46;0,15;Female;36-50;Pringles Chips;Snack;Pringles;2,8;Favorit;Sumqayit;North
1001;17.12.2023;P9;S3;C123;4;8,26;0,15;Female;36-50;Pringles Chips;Snack;Pringles;2,8;Favorit;Sumqayit;North
1011;09.05.2023;P7;S3;C95;1;1,13;0,1;Female;18-25;Sərin Çörək;Bakery;Local;0,4;Favorit;Sumqayit;North
1013;22.07.2024;P8;S3;C218;5;4,14;0;Female;36-50;Natura Yumurta 10 ədəd;Dairy;Natura;2,2;Favorit;Sumqayit;North
1021;27.07.2023;P8;S3;C273;3;5,21;0,1;Female;50+;Natura Yumurta 10 ədəd;Dairy;Natura;2,2;Favorit;Sumqayit;North
1026;17.10.2024;P10;S3;C76;1;3,33;0,05;Male;36-50;Red Bull 250ml;Beverage;Red Bull;1,7;Favorit;Sumqayit;North
1029;17.03.2023;P3;S3;C271;3;3,15;0,05;Male;26-35;Milla Süd 1L;Dairy;Milla;1,2;Favorit;Sumqayit;North
1031;17.12.2023;P4;S3;C153;5;8,29;0,05;Male;18-25;Savalan Toyuq filesi;Meat;Savalan;4,5;Favorit;Sumqayit;North
1038;25.11.2024;P7;S3;C183;4;0,96;0,15;Male;50+;Sərin Çörək;Bakery;Local;0,4;Favorit;Sumqayit;North
1041;05.03.2023;P2;S3;C46;3;6,88;0,05;Female;36-50;Azərsun Günəbaxan Yağı 1L;Grocery;Azersun;2,5;Favorit;Sumqayit;North
1042;01.02.2023;P1;S3;C73;4;1,67;0,1;Female;18-25;Coca-Cola 1L;Beverage;Coca-Cola;0,8;Favorit;Sumqayit;North
1054;22.03.2024;P8;S3;C290;1;4,92;0,15;Male;26-35;Natura Yumurta 10 ədəd;Dairy;Natura;2,2;Favorit;Sumqayit;North
1063;03.07.2023;P1;S3;C13;5;1,52;0;Female;36-50;Coca-Cola 1L;Beverage;Coca-Cola;0,8;Favorit;Sumqayit;North
1064;07.06.2023;P10;S3;C175;4;4,26;0,15;Female;36-50;Red Bull 250ml;Beverage;Red Bull;1,7;Favorit;Sumqayit;North
1066;21.02.2023;P4;S3;C256;4;6,76;0,05;Female;18-25;Savalan Toyuq filesi;Meat;Savalan;4,5;Favorit;Sumqayit;North
1073;26.02.2024;P10;S3;C3;5;3,46;0;Male;50+;Red Bull 250ml;Beverage;Red Bull;1,7;Favorit;Sumqayit;North
1077;17.12.2023;P3;S3;C238;2;2,74;0,05;Female;50+;Milla Süd 1L;Dairy;Milla;1,2;Favorit;Sumqayit;North
1080;24.04.2024;P6;S3;C270;5;2,88;0,15;Male;26-35;Çudo Şokoladlı desert;Snack;Çudo;1;Favorit;Sumqayit;North
1081;23.03.2024;P1;S3;C287;4;1,91;0,1;Female;26-35;Coca-Cola 1L;Beverage;Coca-Cola;0,8;Favorit;Sumqayit;North
1085;17.08.2023;P5;S3;C165;5;3,35;0;Male;26-35;Bizim Tarla Pomidor konservi;Canned;Bizim Tarla;1,5;Favorit;Sumqayit;North
1100;04.02.2023;P2;S3;C127;4;5;0,05;Female;36-50;Azərsun Günəbaxan Yağı 1L;Grocery;Azersun;2,5;Favorit;Sumqayit;North
1106;08.08.2024;P10;S3;C80;1;4,43;0,05;Male;36-50;Red Bull 250ml;Beverage;Red Bull;1,7;Favorit;Sumqayit;North
1113;16.04.2024;P1;S3;C101;2;2,23;0,05;Female;50+;Coca-Cola 1L;Beverage;Coca-Cola;0,8;Favorit;Sumqayit;North
1115;26.01.2023;P9;S3;C115;1;5,98;0,05;Male;26-35;Pringles Chips;Snack;Pringles;2,8;Favorit;Sumqayit;North
1127;31.05.2024;P7;S3;C96;1;0,6;0;Male;18-25;Sərin Çörək;Bakery;Local;0,4;Favorit;Sumqayit;North
1132;17.12.2023;P3;S3;C237;4;3,16;0,1;Male;18-25;Milla Süd 1L;Dairy;Milla;1,2;Favorit;Sumqayit;North
1138;23.11.2024;P4;S3;C243;2;7,08;0;Male;26-35;Savalan Toyuq filesi;Meat;Savalan;4,5;Favorit;Sumqayit;North
1139;29.07.2023;P6;S3;C35;4;2,38;0;Male;26-35;Çudo Şokoladlı desert;Snack;Çudo;1;Favorit;Sumqayit;North
1143;02.09.2024;P7;S3;C38;1;0,82;0,15;Male;50+;Sərin Çörək;Bakery;Local;0,4;Favorit;Sumqayit;North
1148;22.06.2023;P10;S3;C215;1;2,64;0,05;Female;36-50;Red Bull 250ml;Beverage;Red Bull;1,7;Favorit;Sumqayit;North
1176;12.06.2023;P7;S3;C222;4;0,84;0,05;Female;18-25;Sərin Çörək;Bakery;Local;0,4;Favorit;Sumqayit;North
1180;26.06.2023;P4;S3;C45;4;8,03;0;Male;26-35;Savalan Toyuq filesi;Meat;Savalan;4,5;Favorit;Sumqayit;North
1184;07.02.2024;P8;S3;C197;4;4,33;0,05;Female;26-35;Natura Yumurta 10 ədəd;Dairy;Natura;2,2;Favorit;Sumqayit;North
1188;09.06.2023;P4;S3;C283;4;6,91;0;Male;26-35;Savalan Toyuq filesi;Meat;Savalan;4,5;Favorit;Sumqayit;North
1191;23.09.2023;P5;S3;C2;5;2,72;0,1;Female;36-50;Bizim Tarla Pomidor konservi;Canned;Bizim Tarla;1,5;Favorit;Sumqayit;North
1192;19.10.2023;P6;S3;C194;3;2,35;0;Male;50+;Çudo Şokoladlı desert;Snack;Çudo;1;Favorit;Sumqayit;North
1194;14.07.2023;P9;S3;C174;1;7,52;0;Male;18-25;Pringles Chips;Snack;Pringles;2,8;Favorit;Sumqayit;North
1198;01.10.2024;P10;S3;C154;5;2,79;0,15;Male;26-35;Red Bull 250ml;Beverage;Red Bull;1,7;Favorit;Sumqayit;North
1201;07.11.2023;P5;S3;C257;2;4,41;0;Female;26-35;Bizim Tarla Pomidor konservi;Canned;Bizim Tarla;1,5;Favorit;Sumqayit;North
1207;17.12.2023;P7;S3;C70;3;0,69;0,15;Female;26-35;Sərin Çörək;Bakery;Local;0,4;Favorit;Sumqayit;North
1209;06.09.2023;P6;S3;C150;4;1,53;0;Female;18-25;Çudo Şokoladlı desert;Snack;Çudo;1;Favorit;Sumqayit;North
1216;01.04.2024;P1;S3;C137;4;2,37;0,05;Male;50+;Coca-Cola 1L;Beverage;Coca-Cola;0,8;Favorit;Sumqayit;North
1228;02.05.2023;P6;S3;C297;3;1,98;0;Male;50+;Çudo Şokoladlı desert;Snack;Çudo;1;Favorit;Sumqayit;North
1229;05.05.2024;P4;S3;C22;2;9,58;0,05;Male;36-50;Savalan Toyuq filesi;Meat;Savalan;4,5;Favorit;Sumqayit;North
1231;15.10.2024;P10;S3;C296;2;3,64;0,05;Female;36-50;Red Bull 250ml;Beverage;Red Bull;1,7;Favorit;Sumqayit;North
1232;17.10.2024;P9;S3;C129;3;5,57;0,05;Male;26-35;Pringles Chips;Snack;Pringles;2,8;Favorit;Sumqayit;North
1236;20.03.2023;P10;S3;C66;5;3,3;0;Male;26-35;Red Bull 250ml;Beverage;Red Bull;1,7;Favorit;Sumqayit;North
1245;08.05.2023;P6;S3;C205;3;2,55;0,15;Female;36-50;Çudo Şokoladlı desert;Snack;Çudo;1;Favorit;Sumqayit;North
1256;28.08.2024;P4;S3;C45;1;11,25;0,15;Male;26-35;Savalan Toyuq filesi;Meat;Savalan;4,5;Favorit;Sumqayit;North
1269;17.12.2023;P3;S3;C46;3;2,12;0;Female;36-50;Milla Süd 1L;Dairy;Milla;1,2;Favorit;Sumqayit;North
1276;27.08.2023;P3;S3;C130;5;2,5;0;Female;26-35;Milla Süd 1L;Dairy;Milla;1,2;Favorit;Sumqayit;North
1277;24.08.2024;P3;S3;C240;3;2,81;0,15;Male;26-35;Milla Süd 1L;Dairy;Milla;1,2;Favorit;Sumqayit;North
1298;17.11.2023;P1;S3;C26;4;1,53;0;Male;50+;Coca-Cola 1L;Beverage;Coca-Cola;0,8;Favorit;Sumqayit;North
1303;18.07.2023;P3;S3;C246;3;3,19;0;Male;50+;Milla Süd 1L;Dairy;Milla;1,2;Favorit;Sumqayit;North
1305;01.06.2023;P7;S3;C258;4;1,03;0,05;Female;50+;Sərin Çörək;Bakery;Local;0,4;Favorit;Sumqayit;North
1307;02.09.2024;P8;S3;C51;1;6,01;0;Female;36-50;Natura Yumurta 10 ədəd;Dairy;Natura;2,2;Favorit;Sumqayit;North
1309;19.07.2024;P9;S3;C193;3;4,87;0;Male;18-25;Pringles Chips;Snack;Pringles;2,8;Favorit;Sumqayit;North
1324;08.08.2024;P4;S3;C197;1;8,53;0,1;Female;26-35;Savalan Toyuq filesi;Meat;Savalan;4,5;Favorit;Sumqayit;North
1331;03.05.2024;P10;S3;C33;5;3,87;0,05;Female;36-50;Red Bull 250ml;Beverage;Red Bull;1,7;Favorit;Sumqayit;North
1334;25.02.2023;P10;S3;C79;1;4,46;0,15;Male;36-50;Red Bull 250ml;Beverage;Red Bull;1,7;Favorit;Sumqayit;North
1337;10.07.2023;P5;S3;C180;3;2,53;0;Female;50+;Bizim Tarla Pomidor konservi;Canned;Bizim Tarla;1,5;Favorit;Sumqayit;North
1339;08.07.2024;P4;S3;C193;3;8,12;0;Male;18-25;Savalan Toyuq filesi;Meat;Savalan;4,5;Favorit;Sumqayit;North
1341;19.07.2024;P6;S3;C123;4;2,57;0;Female;36-50;Çudo Şokoladlı desert;Snack;Çudo;1;Favorit;Sumqayit;North
1344;04.07.2023;P2;S3;C51;4;5,2;0,1;Female;36-50;Azərsun Günəbaxan Yağı 1L;Grocery;Azersun;2,5;Favorit;Sumqayit;North
1346;20.03.2024;P10;S3;C138;1;3,94;0,1;Male;26-35;Red Bull 250ml;Beverage;Red Bull;1,7;Favorit;Sumqayit;North
1348;17.12.2023;P1;S3;C135;2;2,29;0,05;Female;36-50;Coca-Cola 1L;Beverage;Coca-Cola;0,8;Favorit;Sumqayit;North
1349;22.03.2024;P1;S3;C108;1;1,57;0;Male;26-35;Coca-Cola 1L;Beverage;Coca-Cola;0,8;Favorit;Sumqayit;North
1355;29.04.2024;P6;S3;C104;2;2,26;0,05;Male;36-50;Çudo Şokoladlı desert;Snack;Çudo;1;Favorit;Sumqayit;North
1357;19.03.2023;P4;S3;C257;3;7,39;0,05;Female;26-35;Savalan Toyuq filesi;Meat;Savalan;4,5;Favorit;Sumqayit;North
1358;19.08.2024;P7;S3;C264;5;0,63;0,15;Female;36-50;Sərin Çörək;Bakery;Local;0,4;Favorit;Sumqayit;North
1364;21.07.2023;P2;S3;C228;1;5,18;0,1;Female;36-50;Azərsun Günəbaxan Yağı 1L;Grocery;Azersun;2,5;Favorit;Sumqayit;North
1371;08.02.2023;P7;S3;C163;5;0,86;0;Male;36-50;Sərin Çörək;Bakery;Local;0,4;Favorit;Sumqayit;North
1376;10.11.2024;P8;S3;C252;5;5,54;0,05;Female;36-50;Natura Yumurta 10 ədəd;Dairy;Natura;2,2;Favorit;Sumqayit;North
1392;29.04.2024;P6;S3;C22;3;2,76;0,1;Male;36-50;Çudo Şokoladlı desert;Snack;Çudo;1;Favorit;Sumqayit;North
1394;31.08.2024;P2;S3;C109;5;6,93;0,15;Male;18-25;Azərsun Günəbaxan Yağı 1L;Grocery;Azersun;2,5;Favorit;Sumqayit;North
1398;28.10.2024;P10;S3;C9;2;4,54;0,05;Female;18-25;Red Bull 250ml;Beverage;Red Bull;1,7;Favorit;Sumqayit;North
1410;26.09.2023;P1;S3;C222;3;1,84;0,15;Female;18-25;Coca-Cola 1L;Beverage;Coca-Cola;0,8;Favorit;Sumqayit;North
1411;30.12.2023;P8;S3;C185;1;4,52;0,15;Male;26-35;Natura Yumurta 10 ədəd;Dairy;Natura;2,2;Favorit;Sumqayit;North
1413;08.06.2024;P8;S3;C163;4;4,29;0,1;Male;36-50;Natura Yumurta 10 ədəd;Dairy;Natura;2,2;Favorit;Sumqayit;North
1415;10.03.2024;P7;S3;C41;2;0,97;0,1;Female;26-35;Sərin Çörək;Bakery;Local;0,4;Favorit;Sumqayit;North
1417;19.09.2023;P6;S3;C164;4;2,68;0;Male;36-50;Çudo Şokoladlı desert;Snack;Çudo;1;Favorit;Sumqayit;North
1419;26.07.2023;P9;S3;C81;2;8,05;0,1;Female;50+;Pringles Chips;Snack;Pringles;2,8;Favorit;Sumqayit;North
1421;16.04.2024;P3;S3;C234;4;2,97;0;Male;50+;Milla Süd 1L;Dairy;Milla;1,2;Favorit;Sumqayit;North
1422;21.01.2023;P6;S3;C24;1;2,67;0,1;Male;50+;Çudo Şokoladlı desert;Snack;Çudo;1;Favorit;Sumqayit;North
1428;17.07.2023;P5;S3;C253;2;2,94;0,15;Female;50+;Bizim Tarla Pomidor konservi;Canned;Bizim Tarla;1,5;Favorit;Sumqayit;North
1429;17.05.2023;P6;S3;C26;3;1,67;0,1;Male;50+;Çudo Şokoladlı desert;Snack;Çudo;1;Favorit;Sumqayit;North
1431;20.01.2024;P2;S3;C118;2;5,24;0,05;Female;50+;Azərsun Günəbaxan Yağı 1L;Grocery;Azersun;2,5;Favorit;Sumqayit;North
1441;04.09.2024;P4;S3;C110;4;13,15;0,1;Female;36-50;Savalan Toyuq filesi;Meat;Savalan;4,5;Favorit;Sumqayit;North
1449;09.04.2023;P2;S3;C55;2;5,73;0,05;Male;36-50;Azərsun Günəbaxan Yağı 1L;Grocery;Azersun;2,5;Favorit;Sumqayit;North
1455;24.03.2024;P5;S3;C213;1;4,31;0,1;Male;36-50;Bizim Tarla Pomidor konservi;Canned;Bizim Tarla;1,5;Favorit;Sumqayit;North
1462;25.03.2023;P2;S3;C299;2;5,62;0,1;Female;36-50;Azərsun Günəbaxan Yağı 1L;Grocery;Azersun;2,5;Favorit;Sumqayit;North
1463;11.07.2023;P4;S3;C278;1;13,29;0;Female;36-50;Savalan Toyuq filesi;Meat;Savalan;4,5;Favorit;Sumqayit;North
1465;17.05.2023;P3;S3;C168;2;3,15;0;Female;26-35;Milla Süd 1L;Dairy;Milla;1,2;Favorit;Sumqayit;North
1480;17.12.2023;P3;S3;C208;4;2,56;0,1;Male;36-50;Milla Süd 1L;Dairy;Milla;1,2;Favorit;Sumqayit;North
1488;20.09.2023;P7;S3;C287;5;0,76;0;Female;26-35;Sərin Çörək;Bakery;Local;0,4;Favorit;Sumqayit;North
1489;08.04.2023;P7;S3;C243;2;0,93;0,1;Male;26-35;Sərin Çörək;Bakery;Local;0,4;Favorit;Sumqayit;North
1503;21.03.2024;P2;S3;C231;4;4,17;0,1;Male;18-25;Azərsun Günəbaxan Yağı 1L;Grocery;Azersun;2,5;Favorit;Sumqayit;North
1510;30.01.2023;P10;S3;C72;5;5,07;0;Male;26-35;Red Bull 250ml;Beverage;Red Bull;1,7;Favorit;Sumqayit;North
1513;08.10.2024;P10;S3;C240;2;2,79;0,05;Male;26-35;Red Bull 250ml;Beverage;Red Bull;1,7;Favorit;Sumqayit;North
1521;05.09.2024;P5;S3;C278;5;2,64;0,15;Female;36-50;Bizim Tarla Pomidor konservi;Canned;Bizim Tarla;1,5;Favorit;Sumqayit;North
1524;04.02.2024;P3;S3;C267;5;3,25;0,05;Male;18-25;Milla Süd 1L;Dairy;Milla;1,2;Favorit;Sumqayit;North
1530;08.09.2023;P9;S3;C154;4;5,59;0;Male;26-35;Pringles Chips;Snack;Pringles;2,8;Favorit;Sumqayit;North
1542;06.12.2023;P2;S3;C298;4;6,6;0,15;Female;36-50;Azərsun Günəbaxan Yağı 1L;Grocery;Azersun;2,5;Favorit;Sumqayit;North
1549;15.11.2024;P1;S3;C71;2;1,66;0;Female;36-50;Coca-Cola 1L;Beverage;Coca-Cola;0,8;Favorit;Sumqayit;North
1553;27.03.2023;P1;S3;C146;2;2,25;0,1;Female;18-25;Coca-Cola 1L;Beverage;Coca-Cola;0,8;Favorit;Sumqayit;North
1560;20.12.2023;P2;S3;C289;5;7,23;0,05;Female;36-50;Azərsun Günəbaxan Yağı 1L;Grocery;Azersun;2,5;Favorit;Sumqayit;North
1563;17.12.2023;P6;S3;C273;2;2,2;0,1;Female;50+;Çudo Şokoladlı desert;Snack;Çudo;1;Favorit;Sumqayit;North
1571;03.04.2024;P10;S3;C200;1;4,77;0;Female;18-25;Red Bull 250ml;Beverage;Red Bull;1,7;Favorit;Sumqayit;North
1574;22.11.2023;P1;S3;C213;2;1,32;0;Male;36-50;Coca-Cola 1L;Beverage;Coca-Cola;0,8;Favorit;Sumqayit;North
1578;18.08.2024;P9;S3;C65;4;6,53;0;Male;36-50;Pringles Chips;Snack;Pringles;2,8;Favorit;Sumqayit;North
1579;18.04.2023;P2;S3;C262;1;4,43;0,1;Male;18-25;Azərsun Günəbaxan Yağı 1L;Grocery;Azersun;2,5;Favorit;Sumqayit;North
1583;11.07.2023;P6;S3;C72;2;2,11;0;Male;26-35;Çudo Şokoladlı desert;Snack;Çudo;1;Favorit;Sumqayit;North
1588;14.10.2023;P1;S3;C285;3;1,86;0,05;Male;50+;Coca-Cola 1L;Beverage;Coca-Cola;0,8;Favorit;Sumqayit;North
1592;01.10.2024;P2;S3;C8;3;5,18;0,05;Female;26-35;Azərsun Günəbaxan Yağı 1L;Grocery;Azersun;2,5;Favorit;Sumqayit;North
1599;07.02.2024;P7;S3;C79;2;0,67;0;Male;36-50;Sərin Çörək;Bakery;Local;0,4;Favorit;Sumqayit;North
1604;02.03.2024;P4;S3;C53;5;8,56;0;Female;50+;Savalan Toyuq filesi;Meat;Savalan;4,5;Favorit;Sumqayit;North
1607;12.07.2023;P4;S3;C110;3;8,95;0,1;Female;36-50;Savalan Toyuq filesi;Meat;Savalan;4,5;Favorit;Sumqayit;North
1612;11.04.2023;P1;S3;C262;3;1,96;0,1;Male;18-25;Coca-Cola 1L;Beverage;Coca-Cola;0,8;Favorit;Sumqayit;North
1613;03.04.2024;P6;S3;C81;5;2,37;0,15;Female;50+;Çudo Şokoladlı desert;Snack;Çudo;1;Favorit;Sumqayit;North
1616;14.02.2024;P5;S3;C161;3;2,81;0,15;Male;18-25;Bizim Tarla Pomidor konservi;Canned;Bizim Tarla;1,5;Favorit;Sumqayit;North
1617;14.03.2024;P10;S3;C160;1;3,13;0;Male;26-35;Red Bull 250ml;Beverage;Red Bull;1,7;Favorit;Sumqayit;North
1618;16.04.2024;P4;S3;C225;5;11,04;0,1;Male;26-35;Savalan Toyuq filesi;Meat;Savalan;4,5;Favorit;Sumqayit;North
1619;17.12.2023;P2;S3;C120;4;4,35;0,15;Male;36-50;Azərsun Günəbaxan Yağı 1L;Grocery;Azersun;2,5;Favorit;Sumqayit;North
1620;08.12.2024;P9;S3;C55;3;5,81;0;Male;36-50;Pringles Chips;Snack;Pringles;2,8;Favorit;Sumqayit;North
1623;27.12.2023;P3;S3;C271;4;2,59;0;Male;26-35;Milla Süd 1L;Dairy;Milla;1,2;Favorit;Sumqayit;North
1630;26.11.2024;P7;S3;C176;5;0,79;0,15;Female;26-35;Sərin Çörək;Bakery;Local;0,4;Favorit;Sumqayit;North
1631;10.03.2024;P10;S3;C73;5;3,72;0,05;Female;18-25;Red Bull 250ml;Beverage;Red Bull;1,7;Favorit;Sumqayit;North
1633;11.09.2023;P3;S3;C24;5;3,54;0,15;Male;50+;Milla Süd 1L;Dairy;Milla;1,2;Favorit;Sumqayit;North
1640;18.06.2023;P1;S3;C270;5;2;0,15;Male;26-35;Coca-Cola 1L;Beverage;Coca-Cola;0,8;Favorit;Sumqayit;North
1645;11.03.2023;P5;S3;C28;2;3,78;0;Male;18-25;Bizim Tarla Pomidor konservi;Canned;Bizim Tarla;1,5;Favorit;Sumqayit;North
1657;01.08.2024;P9;S3;C137;1;6,94;0;Male;50+;Pringles Chips;Snack;Pringles;2,8;Favorit;Sumqayit;North
1658;23.05.2024;P2;S3;C201;3;7,13;0,15;Male;26-35;Azərsun Günəbaxan Yağı 1L;Grocery;Azersun;2,5;Favorit;Sumqayit;North
1663;22.04.2024;P7;S3;C67;4;0,78;0,1;Male;50+;Sərin Çörək;Bakery;Local;0,4;Favorit;Sumqayit;North
1673;29.04.2024;P1;S3;C249;5;1,9;0,15;Female;18-25;Coca-Cola 1L;Beverage;Coca-Cola;0,8;Favorit;Sumqayit;North
1674;10.03.2023;P6;S3;C38;4;1,6;0,05;Male;50+;Çudo Şokoladlı desert;Snack;Çudo;1;Favorit;Sumqayit;North
1680;17.12.2023;P5;S3;C109;2;4,39;0,05;Male;18-25;Bizim Tarla Pomidor konservi;Canned;Bizim Tarla;1,5;Favorit;Sumqayit;North
1682;18.02.2024;P7;S3;C112;1;0,96;0;Female;26-35;Sərin Çörək;Bakery;Local;0,4;Favorit;Sumqayit;North
1695;18.05.2023;P4;S3;C279;4;7,27;0;Female;26-35;Savalan Toyuq filesi;Meat;Savalan;4,5;Favorit;Sumqayit;North
1696;25.02.2024;P4;S3;C138;4;9,4;0,15;Male;26-35;Savalan Toyuq filesi;Meat;Savalan;4,5;Favorit;Sumqayit;North
1705;12.02.2023;P7;S3;C208;3;1,09;0,1;Male;36-50;Sərin Çörək;Bakery;Local;0,4;Favorit;Sumqayit;North
1706;12.07.2024;P7;S3;C242;2;1;0,05;Female;50+;Sərin Çörək;Bakery;Local;0,4;Favorit;Sumqayit;North
1711;09.12.2024;P4;S3;C177;5;8,86;0;Male;36-50;Savalan Toyuq filesi;Meat;Savalan;4,5;Favorit;Sumqayit;North
1713;13.08.2023;P4;S3;C192;5;6,76;0,1;Female;26-35;Savalan Toyuq filesi;Meat;Savalan;4,5;Favorit;Sumqayit;North
1716;19.08.2023;P9;S3;C147;2;4,28;0,1;Male;36-50;Pringles Chips;Snack;Pringles;2,8;Favorit;Sumqayit;North
1721;22.05.2024;P1;S3;C152;5;1,52;0;Male;26-35;Coca-Cola 1L;Beverage;Coca-Cola;0,8;Favorit;Sumqayit;North
1722;22.07.2024;P10;S3;C287;2;4,43;0,1;Female;26-35;Red Bull 250ml;Beverage;Red Bull;1,7;Favorit;Sumqayit;North
1727;15.12.2024;P3;S3;C286;4;3,55;0,15;Male;36-50;Milla Süd 1L;Dairy;Milla;1,2;Favorit;Sumqayit;North
1728;25.10.2023;P6;S3;C94;4;2,79;0,1;Female;36-50;Çudo Şokoladlı desert;Snack;Çudo;1;Favorit;Sumqayit;North
1734;03.12.2024;P9;S3;C249;3;7,74;0,05;Female;18-25;Pringles Chips;Snack;Pringles;2,8;Favorit;Sumqayit;North
1740;28.12.2023;P7;S3;C233;2;0,84;0;Male;26-35;Sərin Çörək;Bakery;Local;0,4;Favorit;Sumqayit;North
1741;30.10.2024;P9;S3;C7;1;5,26;0;Male;26-35;Pringles Chips;Snack;Pringles;2,8;Favorit;Sumqayit;North
1748;22.03.2023;P5;S3;C299;3;4,38;0,15;Female;36-50;Bizim Tarla Pomidor konservi;Canned;Bizim Tarla;1,5;Favorit;Sumqayit;North
1760;25.05.2023;P8;S3;C163;4;4,61;0,1;Male;36-50;Natura Yumurta 10 ədəd;Dairy;Natura;2,2;Favorit;Sumqayit;North
1762;16.01.2024;P1;S3;C258;1;1,43;0;Female;50+;Coca-Cola 1L;Beverage;Coca-Cola;0,8;Favorit;Sumqayit;North
1763;01.12.2023;P6;S3;C71;4;2,93;0,15;Female;36-50;Çudo Şokoladlı desert;Snack;Çudo;1;Favorit;Sumqayit;North
1766;07.11.2024;P5;S3;C251;4;4,08;0,05;Female;50+;Bizim Tarla Pomidor konservi;Canned;Bizim Tarla;1,5;Favorit;Sumqayit;North
1771;17.05.2024;P5;S3;C71;4;4,17;0,1;Female;36-50;Bizim Tarla Pomidor konservi;Canned;Bizim Tarla;1,5;Favorit;Sumqayit;North
1773;05.08.2024;P9;S3;C281;1;4,71;0,1;Male;26-35;Pringles Chips;Snack;Pringles;2,8;Favorit;Sumqayit;North
1781;05.06.2024;P3;S3;C5;1;2,55;0,05;Female;36-50;Milla Süd 1L;Dairy;Milla;1,2;Favorit;Sumqayit;North
1810;08.05.2023;P8;S3;C243;4;6,58;0;Male;26-35;Natura Yumurta 10 ədəd;Dairy;Natura;2,2;Favorit;Sumqayit;North
1815;19.04.2023;P5;S3;C127;4;4,05;0,1;Female;36-50;Bizim Tarla Pomidor konservi;Canned;Bizim Tarla;1,5;Favorit;Sumqayit;North
1818;27.11.2023;P1;S3;C81;4;1,81;0,15;Female;50+;Coca-Cola 1L;Beverage;Coca-Cola;0,8;Favorit;Sumqayit;North
1828;25.01.2023;P6;S3;C30;4;2,67;0,15;Female;50+;Çudo Şokoladlı desert;Snack;Çudo;1;Favorit;Sumqayit;North
1841;01.05.2024;P3;S3;C265;1;1,84;0,05;Male;18-25;Milla Süd 1L;Dairy;Milla;1,2;Favorit;Sumqayit;North
1845;11.08.2023;P1;S3;C107;5;1,69;0,05;Male;36-50;Coca-Cola 1L;Beverage;Coca-Cola;0,8;Favorit;Sumqayit;North
1848;14.02.2024;P4;S3;C112;1;11,37;0;Female;26-35;Savalan Toyuq filesi;Meat;Savalan;4,5;Favorit;Sumqayit;North
1854;18.10.2024;P6;S3;C98;4;2,57;0,1;Male;26-35;Çudo Şokoladlı desert;Snack;Çudo;1;Favorit;Sumqayit;North
1863;24.03.2024;P10;S3;C111;4;4,43;0,1;Female;18-25;Red Bull 250ml;Beverage;Red Bull;1,7;Favorit;Sumqayit;North
1865;10.09.2023;P3;S3;C62;1;3,51;0,15;Male;36-50;Milla Süd 1L;Dairy;Milla;1,2;Favorit;Sumqayit;North
1872;16.05.2023;P1;S3;C38;1;1,79;0,15;Male;50+;Coca-Cola 1L;Beverage;Coca-Cola;0,8;Favorit;Sumqayit;North
1879;24.05.2023;P1;S3;C264;3;1,71;0,15;Female;36-50;Coca-Cola 1L;Beverage;Coca-Cola;0,8;Favorit;Sumqayit;North
1883;25.04.2023;P9;S3;C34;4;7,39;0,05;Female;50+;Pringles Chips;Snack;Pringles;2,8;Favorit;Sumqayit;North
1890;28.03.2023;P5;S3;C10;3;4,13;0,15;Male;18-25;Bizim Tarla Pomidor konservi;Canned;Bizim Tarla;1,5;Favorit;Sumqayit;North
1908;06.05.2024;P2;S3;C108;4;7,22;0,15;Male;26-35;Azərsun Günəbaxan Yağı 1L;Grocery;Azersun;2,5;Favorit;Sumqayit;North
1914;07.10.2024;P10;S3;C123;3;4,77;0,05;Female;36-50;Red Bull 250ml;Beverage;Red Bull;1,7;Favorit;Sumqayit;North
1915;13.11.2024;P5;S3;C286;4;2,87;0,05;Male;36-50;Bizim Tarla Pomidor konservi;Canned;Bizim Tarla;1,5;Favorit;Sumqayit;North
1920;25.11.2024;P4;S3;C263;5;13,26;0,05;Male;26-35;Savalan Toyuq filesi;Meat;Savalan;4,5;Favorit;Sumqayit;North
1933;15.01.2024;P2;S3;C43;4;5,12;0,15;Male;36-50;Azərsun Günəbaxan Yağı 1L;Grocery;Azersun;2,5;Favorit;Sumqayit;North
1938;05.02.2023;P4;S3;C240;1;8,56;0,1;Male;26-35;Savalan Toyuq filesi;Meat;Savalan;4,5;Favorit;Sumqayit;North
1939;27.09.2023;P2;S3;C176;1;5,14;0,15;Female;26-35;Azərsun Günəbaxan Yağı 1L;Grocery;Azersun;2,5;Favorit;Sumqayit;North
1943;14.10.2024;P8;S3;C273;2;5,12;0,1;Female;50+;Natura Yumurta 10 ədəd;Dairy;Natura;2,2;Favorit;Sumqayit;North
1946;09.03.2024;P7;S3;C47;2;0,81;0,15;Female;26-35;Sərin Çörək;Bakery;Local;0,4;Favorit;Sumqayit;North
1949;12.06.2024;P3;S3;C156;4;3,22;0,15;Male;50+;Milla Süd 1L;Dairy;Milla;1,2;Favorit;Sumqayit;North
1951;18.05.2023;P4;S3;C100;4;7,14;0,05;Male;36-50;Savalan Toyuq filesi;Meat;Savalan;4,5;Favorit;Sumqayit;North
1955;21.04.2023;P10;S3;C75;5;3,36;0,05;Female;50+;Red Bull 250ml;Beverage;Red Bull;1,7;Favorit;Sumqayit;North
1971;20.02.2023;P4;S3;C130;2;10,29;0,05;Female;26-35;Savalan Toyuq filesi;Meat;Savalan;4,5;Favorit;Sumqayit;North
1977;19.04.2023;P4;S3;C238;1;12,73;0,1;Female;50+;Savalan Toyuq filesi;Meat;Savalan;4,5;Favorit;Sumqayit;North
1978;12.08.2023;P10;S3;C92;5;3,52;0,15;Male;50+;Red Bull 250ml;Beverage;Red Bull;1,7;Favorit;Sumqayit;North
1980;16.12.2023;P2;S3;C246;4;6,37;0,05;Male;50+;Azərsun Günəbaxan Yağı 1L;Grocery;Azersun;2,5;Favorit;Sumqayit;North
1992;12.11.2024;P1;S3;C92;5;2,16;0,15;Male;50+;Coca-Cola 1L;Beverage;Coca-Cola;0,8;Favorit;Sumqayit;North
179;17.12.2023;P2;S1;C7;2;5,42;0,15;Male;26-35;Azərsun Günəbaxan Yağı 1L;Grocery;Azersun;2,5;Grand;Baku;Center
157;05.08.2023;P4;S1;C153;4;9,13;0,1;Male;18-25;Savalan Toyuq filesi;Meat;Savalan;4,5;Grand;Baku;Center
120;21.08.2024;P2;S1;C18;1;6,31;0,05;Female;18-25;Azərsun Günəbaxan Yağı 1L;Grocery;Azersun;2,5;Grand;Baku;Center
136;25.05.2024;P9;S1;C23;2;6,57;0,05;Female;18-25;Pringles Chips;Snack;Pringles;2,8;Grand;Baku;Center
97;20.11.2024;P8;S1;C189;5;5,66;0;Male;18-25;Natura Yumurta 10 ədəd;Dairy;Natura;2,2;Grand;Baku;Center
69;20.03.2023;P2;S1;C165;1;7,48;0,15;Male;26-35;Azərsun Günəbaxan Yağı 1L;Grocery;Azersun;2,5;Grand;Baku;Center
151;14.07.2024;P10;S1;C165;4;2,97;0,15;Male;26-35;Red Bull 250ml;Beverage;Red Bull;1,7;Grand;Baku;Center
87;22.01.2023;P4;S1;C177;5;11,04;0,05;Male;36-50;Savalan Toyuq filesi;Meat;Savalan;4,5;Grand;Baku;Center
98;25.07.2023;P9;S1;C62;1;7,9;0,15;Male;36-50;Pringles Chips;Snack;Pringles;2,8;Grand;Baku;Center
78;08.05.2024;P3;S1;C123;2;3,2;0;Female;36-50;Milla Süd 1L;Dairy;Milla;1,2;Grand;Baku;Center
104;20.01.2024;P4;S1;C76;4;12,82;0;Male;36-50;Savalan Toyuq filesi;Meat;Savalan;4,5;Grand;Baku;Center
84;06.01.2023;P7;S1;C120;3;0,77;0,1;Male;36-50;Sərin Çörək;Bakery;Local;0,4;Grand;Baku;Center
131;09.03.2023;P9;S1;C120;2;6,9;0,15;Male;36-50;Pringles Chips;Snack;Pringles;2,8;Grand;Baku;Center
119;17.07.2023;P2;S1;C91;2;4,1;0,15;Male;36-50;Azərsun Günəbaxan Yağı 1L;Grocery;Azersun;2,5;Grand;Baku;Center
189;20.06.2024;P9;S1;C185;3;5,68;0;Male;26-35;Pringles Chips;Snack;Pringles;2,8;Grand;Baku;Center
129;26.01.2024;P7;S1;C231;3;0,89;0,1;Male;18-25;Sərin Çörək;Bakery;Local;0,4;Grand;Baku;Center
99;09.02.2024;P7;S1;C128;3;0,67;0;Female;50+;Sərin Çörək;Bakery;Local;0,4;Grand;Baku;Center
102;28.02.2024;P3;S1;C117;2;2,66;0,05;Male;18-25;Milla Süd 1L;Dairy;Milla;1,2;Grand;Baku;Center
108;16.02.2024;P10;S1;C117;1;4,35;0,1;Male;18-25;Red Bull 250ml;Beverage;Red Bull;1,7;Grand;Baku;Center
169;28.08.2024;P6;S1;C129;5;1,74;0,05;Male;26-35;Çudo Şokoladlı desert;Snack;Çudo;1;Grand;Baku;Center
118;11.05.2024;P10;S1;C122;4;2,85;0;Male;26-35;Red Bull 250ml;Beverage;Red Bull;1,7;Grand;Baku;Center
135;16.12.2023;P2;S1;C154;4;7,32;0;Male;26-35;Azərsun Günəbaxan Yağı 1L;Grocery;Azersun;2,5;Grand;Baku;Center
137;18.01.2023;P9;S1;C282;3;5,81;0,1;Female;18-25;Pringles Chips;Snack;Pringles;2,8;Grand;Baku;Center
147;08.07.2024;P7;S1;C169;3;1,17;0,1;Female;18-25;Sərin Çörək;Bakery;Local;0,4;Grand;Baku;Center
161;24.06.2023;P2;S1;C270;3;4,44;0,1;Male;26-35;Azərsun Günəbaxan Yağı 1L;Grocery;Azersun;2,5;Grand;Baku;Center
168;28.06.2023;P7;S1;C216;1;0,84;0;Female;18-25;Sərin Çörək;Bakery;Local;0,4;Grand;Baku;Center
320;21.08.2023;P2;S1;C246;2;6,46;0;Male;50+;Azərsun Günəbaxan Yağı 1L;Grocery;Azersun;2,5;Grand;Baku;Center
326;06.08.2023;P8;S1;C233;3;6,27;0,1;Male;26-35;Natura Yumurta 10 ədəd;Dairy;Natura;2,2;Grand;Baku;Center
853;11.03.2023;P6;S1;C215;1;2,96;0,15;Female;36-50;Çudo Şokoladlı desert;Snack;Çudo;1;Grand;Baku;Center
857;30.04.2024;P3;S1;C14;5;2,36;0;Female;18-25;Milla Süd 1L;Dairy;Milla;1,2;Grand;Baku;Center
858;24.01.2024;P5;S1;C191;4;4,07;0,05;Male;50+;Bizim Tarla Pomidor konservi;Canned;Bizim Tarla;1,5;Grand;Baku;Center
859;08.08.2024;P6;S1;C282;2;1,76;0,15;Female;18-25;Çudo Şokoladlı desert;Snack;Çudo;1;Grand;Baku;Center
861;22.12.2023;P7;S1;C164;1;0,85;0,15;Male;36-50;Sərin Çörək;Bakery;Local;0,4;Grand;Baku;Center
868;15.02.2023;P2;S1;C171;3;7,41;0,1;Male;36-50;Azərsun Günəbaxan Yağı 1L;Grocery;Azersun;2,5;Grand;Baku;Center
872;13.08.2023;P4;S1;C96;3;12,07;0,1;Male;18-25;Savalan Toyuq filesi;Meat;Savalan;4,5;Grand;Baku;Center
874;21.11.2024;P6;S1;C92;1;1,91;0,05;Male;50+;Çudo Şokoladlı desert;Snack;Çudo;1;Grand;Baku;Center
876;14.05.2023;P5;S1;C230;2;3,22;0,1;Male;18-25;Bizim Tarla Pomidor konservi;Canned;Bizim Tarla;1,5;Grand;Baku;Center
878;14.08.2023;P4;S1;C262;4;10,9;0,15;Male;18-25;Savalan Toyuq filesi;Meat;Savalan;4,5;Grand;Baku;Center
879;12.06.2023;P1;S1;C140;1;1,71;0,15;Male;26-35;Coca-Cola 1L;Beverage;Coca-Cola;0,8;Grand;Baku;Center
884;17.12.2023;P1;S1;C238;5;2,05;0,05;Female;50+;Coca-Cola 1L;Beverage;Coca-Cola;0,8;Grand;Baku;Center
887;20.03.2024;P5;S1;C151;3;2,39;0,05;Female;26-35;Bizim Tarla Pomidor konservi;Canned;Bizim Tarla;1,5;Grand;Baku;Center
888;02.07.2023;P5;S1;C62;2;3,93;0,15;Male;36-50;Bizim Tarla Pomidor konservi;Canned;Bizim Tarla;1,5;Grand;Baku;Center
890;05.04.2023;P9;S1;C263;1;6,08;0,15;Male;26-35;Pringles Chips;Snack;Pringles;2,8;Grand;Baku;Center
891;01.04.2024;P2;S1;C157;4;5,67;0,1;Male;36-50;Azərsun Günəbaxan Yağı 1L;Grocery;Azersun;2,5;Grand;Baku;Center
900;14.03.2023;P7;S1;C298;1;0,94;0,1;Female;36-50;Sərin Çörək;Bakery;Local;0,4;Grand;Baku;Center
901;17.12.2023;P10;S1;C1;2;2,65;0;Male;26-35;Red Bull 250ml;Beverage;Red Bull;1,7;Grand;Baku;Center
903;11.02.2024;P4;S1;C188;3;8,1;0;Female;18-25;Savalan Toyuq filesi;Meat;Savalan;4,5;Grand;Baku;Center
908;09.04.2024;P7;S1;C55;2;1,04;0;Male;36-50;Sərin Çörək;Bakery;Local;0,4;Grand;Baku;Center
913;17.12.2023;P9;S1;C272;3;8,3;0,05;Female;36-50;Pringles Chips;Snack;Pringles;2,8;Grand;Baku;Center
923;23.12.2023;P3;S1;C83;5;3,05;0,1;Female;26-35;Milla Süd 1L;Dairy;Milla;1,2;Grand;Baku;Center
932;20.02.2024;P8;S1;C269;5;5,19;0,1;Female;36-50;Natura Yumurta 10 ədəd;Dairy;Natura;2,2;Grand;Baku;Center
933;19.05.2024;P6;S1;C180;1;2,03;0,1;Female;50+;Çudo Şokoladlı desert;Snack;Çudo;1;Grand;Baku;Center
937;05.10.2024;P3;S1;C290;3;1,84;0,15;Male;26-35;Milla Süd 1L;Dairy;Milla;1,2;Grand;Baku;Center
943;12.06.2024;P2;S1;C127;3;4,8;0,05;Female;36-50;Azərsun Günəbaxan Yağı 1L;Grocery;Azersun;2,5;Grand;Baku;Center
949;30.06.2024;P7;S1;C109;4;0,99;0;Male;18-25;Sərin Çörək;Bakery;Local;0,4;Grand;Baku;Center
950;27.07.2024;P9;S1;C147;1;5,6;0,1;Male;36-50;Pringles Chips;Snack;Pringles;2,8;Grand;Baku;Center
954;22.04.2024;P8;S1;C163;5;6,08;0,15;Male;36-50;Natura Yumurta 10 ədəd;Dairy;Natura;2,2;Grand;Baku;Center
962;25.08.2023;P10;S1;C193;5;3,62;0,15;Male;18-25;Red Bull 250ml;Beverage;Red Bull;1,7;Grand;Baku;Center
964;19.04.2023;P5;S1;C171;5;2,26;0;Male;36-50;Bizim Tarla Pomidor konservi;Canned;Bizim Tarla;1,5;Grand;Baku;Center
979;21.01.2024;P1;S1;C163;3;1,44;0,05;Male;36-50;Coca-Cola 1L;Beverage;Coca-Cola;0,8;Grand;Baku;Center
982;12.05.2024;P4;S1;C9;3;11,97;0,05;Female;18-25;Savalan Toyuq filesi;Meat;Savalan;4,5;Grand;Baku;Center
985;03.07.2023;P4;S1;C88;1;8,26;0,1;Male;50+;Savalan Toyuq filesi;Meat;Savalan;4,5;Grand;Baku;Center
993;24.06.2024;P5;S1;C21;2;2,87;0,05;Male;18-25;Bizim Tarla Pomidor konservi;Canned;Bizim Tarla;1,5;Grand;Baku;Center
994;29.10.2023;P2;S1;C236;3;5,9;0,15;Female;26-35;Azərsun Günəbaxan Yağı 1L;Grocery;Azersun;2,5;Grand;Baku;Center
996;27.04.2023;P6;S1;C7;3;1,89;0,1;Male;26-35;Çudo Şokoladlı desert;Snack;Çudo;1;Grand;Baku;Center
998;25.11.2023;P7;S1;C248;1;0,9;0;Male;36-50;Sərin Çörək;Bakery;Local;0,4;Grand;Baku;Center
1014;27.06.2023;P10;S1;C84;3;3,48;0;Male;26-35;Red Bull 250ml;Beverage;Red Bull;1,7;Grand;Baku;Center
1019;13.04.2024;P4;S1;C63;3;12,69;0,15;Female;50+;Savalan Toyuq filesi;Meat;Savalan;4,5;Grand;Baku;Center
1025;23.09.2023;P7;S1;C1;4;1,13;0,05;Male;26-35;Sərin Çörək;Bakery;Local;0,4;Grand;Baku;Center
1032;17.12.2023;P4;S1;C76;3;7,28;0,1;Male;36-50;Savalan Toyuq filesi;Meat;Savalan;4,5;Grand;Baku;Center
1034;22.08.2024;P9;S1;C244;3;7,96;0,05;Female;36-50;Pringles Chips;Snack;Pringles;2,8;Grand;Baku;Center
1040;19.05.2024;P8;S1;C260;1;4,93;0,1;Female;36-50;Natura Yumurta 10 ədəd;Dairy;Natura;2,2;Grand;Baku;Center
1045;10.08.2024;P6;S1;C197;5;2,28;0,1;Female;26-35;Çudo Şokoladlı desert;Snack;Çudo;1;Grand;Baku;Center
1046;22.02.2023;P8;S1;C230;2;5,4;0;Male;18-25;Natura Yumurta 10 ədəd;Dairy;Natura;2,2;Grand;Baku;Center
1050;31.01.2024;P5;S1;C28;5;4,27;0;Male;18-25;Bizim Tarla Pomidor konservi;Canned;Bizim Tarla;1,5;Grand;Baku;Center
1056;18.09.2024;P1;S1;C47;3;2,21;0,1;Female;26-35;Coca-Cola 1L;Beverage;Coca-Cola;0,8;Grand;Baku;Center
1058;17.08.2023;P2;S1;C222;4;7,1;0;Female;18-25;Azərsun Günəbaxan Yağı 1L;Grocery;Azersun;2,5;Grand;Baku;Center
1061;03.11.2024;P1;S1;C31;1;1,43;0;Male;18-25;Coca-Cola 1L;Beverage;Coca-Cola;0,8;Grand;Baku;Center
1079;02.07.2023;P2;S1;C284;1;5,7;0,05;Female;18-25;Azərsun Günəbaxan Yağı 1L;Grocery;Azersun;2,5;Grand;Baku;Center
1104;30.07.2023;P3;S1;C244;1;2,78;0,1;Female;36-50;Milla Süd 1L;Dairy;Milla;1,2;Grand;Baku;Center
1118;09.04.2023;P10;S1;C268;5;3,29;0,05;Female;26-35;Red Bull 250ml;Beverage;Red Bull;1,7;Grand;Baku;Center
1122;21.09.2023;P9;S1;C60;2;4,88;0;Male;26-35;Pringles Chips;Snack;Pringles;2,8;Grand;Baku;Center
1124;24.06.2023;P5;S1;C233;2;3,77;0,15;Male;26-35;Bizim Tarla Pomidor konservi;Canned;Bizim Tarla;1,5;Grand;Baku;Center
1126;12.01.2023;P7;S1;C77;2;1,18;0,1;Male;26-35;Sərin Çörək;Bakery;Local;0,4;Grand;Baku;Center
1136;21.04.2024;P6;S1;C264;5;1,61;0,05;Female;36-50;Çudo Şokoladlı desert;Snack;Çudo;1;Grand;Baku;Center
1152;09.01.2023;P2;S1;C284;1;5,42;0,15;Female;18-25;Azərsun Günəbaxan Yağı 1L;Grocery;Azersun;2,5;Grand;Baku;Center
1156;30.03.2024;P3;S1;C197;5;1,98;0,05;Female;26-35;Milla Süd 1L;Dairy;Milla;1,2;Grand;Baku;Center
1160;21.05.2024;P5;S1;C130;1;3,28;0,1;Female;26-35;Bizim Tarla Pomidor konservi;Canned;Bizim Tarla;1,5;Grand;Baku;Center
1163;30.03.2024;P4;S1;C246;2;9,51;0;Male;50+;Savalan Toyuq filesi;Meat;Savalan;4,5;Grand;Baku;Center
1170;03.11.2023;P9;S1;C196;1;5,21;0,15;Male;36-50;Pringles Chips;Snack;Pringles;2,8;Grand;Baku;Center
1177;25.05.2024;P9;S1;C71;4;5,61;0,15;Female;36-50;Pringles Chips;Snack;Pringles;2,8;Grand;Baku;Center
1181;17.08.2024;P6;S1;C249;3;1,86;0,05;Female;18-25;Çudo Şokoladlı desert;Snack;Çudo;1;Grand;Baku;Center
1182;09.01.2024;P5;S1;C133;3;3,61;0,1;Female;36-50;Bizim Tarla Pomidor konservi;Canned;Bizim Tarla;1,5;Grand;Baku;Center
1183;23.08.2024;P2;S1;C85;5;4,71;0,1;Male;18-25;Azərsun Günəbaxan Yağı 1L;Grocery;Azersun;2,5;Grand;Baku;Center
1185;31.03.2024;P4;S1;C57;3;13,11;0,05;Female;50+;Savalan Toyuq filesi;Meat;Savalan;4,5;Grand;Baku;Center
1190;20.02.2024;P4;S1;C31;2;10,21;0,05;Male;18-25;Savalan Toyuq filesi;Meat;Savalan;4,5;Grand;Baku;Center
1193;31.08.2024;P5;S1;C204;1;4,14;0,1;Male;26-35;Bizim Tarla Pomidor konservi;Canned;Bizim Tarla;1,5;Grand;Baku;Center
1195;24.03.2023;P4;S1;C247;2;8,67;0,15;Female;50+;Savalan Toyuq filesi;Meat;Savalan;4,5;Grand;Baku;Center
1196;28.03.2024;P4;S1;C128;5;12,94;0;Female;50+;Savalan Toyuq filesi;Meat;Savalan;4,5;Grand;Baku;Center
1197;07.02.2023;P5;S1;C92;2;3,78;0;Male;50+;Bizim Tarla Pomidor konservi;Canned;Bizim Tarla;1,5;Grand;Baku;Center
1203;05.11.2024;P9;S1;C133;1;7,3;0,05;Female;36-50;Pringles Chips;Snack;Pringles;2,8;Grand;Baku;Center
1204;14.03.2023;P6;S1;C180;4;2,74;0;Female;50+;Çudo Şokoladlı desert;Snack;Çudo;1;Grand;Baku;Center
1221;18.09.2024;P1;S1;C51;5;1,53;0,05;Female;36-50;Coca-Cola 1L;Beverage;Coca-Cola;0,8;Grand;Baku;Center
1222;22.05.2024;P5;S1;C153;1;4,26;0,1;Male;18-25;Bizim Tarla Pomidor konservi;Canned;Bizim Tarla;1,5;Grand;Baku;Center
1230;17.12.2023;P6;S1;C80;4;2,72;0,1;Male;36-50;Çudo Şokoladlı desert;Snack;Çudo;1;Grand;Baku;Center
1234;21.03.2023;P6;S1;C144;4;1,84;0;Male;50+;Çudo Şokoladlı desert;Snack;Çudo;1;Grand;Baku;Center
1237;29.01.2024;P3;S1;C107;2;3,01;0,05;Male;36-50;Milla Süd 1L;Dairy;Milla;1,2;Grand;Baku;Center
1241;06.01.2023;P10;S1;C32;2;3,75;0,1;Female;26-35;Red Bull 250ml;Beverage;Red Bull;1,7;Grand;Baku;Center
1246;14.05.2023;P3;S1;C180;3;1,95;0;Female;50+;Milla Süd 1L;Dairy;Milla;1,2;Grand;Baku;Center
1247;24.12.2023;P9;S1;C68;3;6,44;0,1;Female;18-25;Pringles Chips;Snack;Pringles;2,8;Grand;Baku;Center
1253;21.06.2024;P1;S1;C64;3;2,34;0,15;Male;36-50;Coca-Cola 1L;Beverage;Coca-Cola;0,8;Grand;Baku;Center
1259;31.03.2023;P10;S1;C2;4;3,31;0,15;Female;36-50;Red Bull 250ml;Beverage;Red Bull;1,7;Grand;Baku;Center
1264;19.02.2023;P1;S1;C122;1;1,98;0;Male;26-35;Coca-Cola 1L;Beverage;Coca-Cola;0,8;Grand;Baku;Center
1275;06.10.2023;P6;S1;C103;3;1,91;0,05;Female;26-35;Çudo Şokoladlı desert;Snack;Çudo;1;Grand;Baku;Center
1286;12.02.2024;P7;S1;C165;2;0,74;0,1;Male;26-35;Sərin Çörək;Bakery;Local;0,4;Grand;Baku;Center
1290;06.01.2023;P10;S1;C140;1;2,74;0,05;Male;26-35;Red Bull 250ml;Beverage;Red Bull;1,7;Grand;Baku;Center
1293;04.10.2023;P8;S1;C262;4;5,63;0,1;Male;18-25;Natura Yumurta 10 ədəd;Dairy;Natura;2,2;Grand;Baku;Center
1294;30.10.2024;P8;S1;C123;3;6,1;0,1;Female;36-50;Natura Yumurta 10 ədəd;Dairy;Natura;2,2;Grand;Baku;Center
1301;24.10.2023;P4;S1;C168;4;9,58;0;Female;26-35;Savalan Toyuq filesi;Meat;Savalan;4,5;Grand;Baku;Center
1314;12.03.2024;P8;S1;C186;1;6,16;0,05;Male;50+;Natura Yumurta 10 ədəd;Dairy;Natura;2,2;Grand;Baku;Center
1321;26.02.2024;P2;S1;C119;4;5,44;0;Female;50+;Azərsun Günəbaxan Yağı 1L;Grocery;Azersun;2,5;Grand;Baku;Center
1323;10.06.2023;P7;S1;C103;2;1,05;0,15;Female;26-35;Sərin Çörək;Bakery;Local;0,4;Grand;Baku;Center
1326;13.11.2023;P9;S1;C264;1;5,91;0,1;Female;36-50;Pringles Chips;Snack;Pringles;2,8;Grand;Baku;Center
1329;31.03.2023;P6;S1;C221;2;2,11;0,15;Female;50+;Çudo Şokoladlı desert;Snack;Çudo;1;Grand;Baku;Center
1330;30.01.2023;P6;S1;C173;1;1,82;0,05;Female;26-35;Çudo Şokoladlı desert;Snack;Çudo;1;Grand;Baku;Center
1352;07.03.2023;P2;S1;C143;5;6,6;0,15;Female;36-50;Azərsun Günəbaxan Yağı 1L;Grocery;Azersun;2,5;Grand;Baku;Center
1359;31.08.2023;P9;S1;C75;3;4,53;0,15;Female;50+;Pringles Chips;Snack;Pringles;2,8;Grand;Baku;Center
1361;30.05.2023;P8;S1;C40;5;5,27;0,15;Female;18-25;Natura Yumurta 10 ədəd;Dairy;Natura;2,2;Grand;Baku;Center
1362;18.05.2024;P8;S1;C79;4;5,16;0,1;Male;36-50;Natura Yumurta 10 ədəd;Dairy;Natura;2,2;Grand;Baku;Center
1373;17.12.2023;P4;S1;C82;1;12,26;0,05;Female;50+;Savalan Toyuq filesi;Meat;Savalan;4,5;Grand;Baku;Center
1374;21.03.2023;P6;S1;C260;4;1,58;0,05;Female;36-50;Çudo Şokoladlı desert;Snack;Çudo;1;Grand;Baku;Center
1375;18.01.2023;P6;S1;C263;2;1,93;0,1;Male;26-35;Çudo Şokoladlı desert;Snack;Çudo;1;Grand;Baku;Center
1377;19.10.2024;P1;S1;C1;2;1,7;0,15;Male;26-35;Coca-Cola 1L;Beverage;Coca-Cola;0,8;Grand;Baku;Center
1380;24.02.2024;P7;S1;C209;4;0,65;0,1;Male;36-50;Sərin Çörək;Bakery;Local;0,4;Grand;Baku;Center
1383;12.10.2023;P10;S1;C255;2;3,94;0;Female;36-50;Red Bull 250ml;Beverage;Red Bull;1,7;Grand;Baku;Center
1388;05.10.2023;P5;S1;C149;2;2,85;0,1;Male;50+;Bizim Tarla Pomidor konservi;Canned;Bizim Tarla;1,5;Grand;Baku;Center
1391;18.11.2024;P5;S1;C126;4;3,52;0,05;Male;50+;Bizim Tarla Pomidor konservi;Canned;Bizim Tarla;1,5;Grand;Baku;Center
1393;18.11.2024;P9;S1;C12;1;5,06;0;Female;50+;Pringles Chips;Snack;Pringles;2,8;Grand;Baku;Center
1396;09.03.2023;P9;S1;C225;4;5,73;0,15;Male;26-35;Pringles Chips;Snack;Pringles;2,8;Grand;Baku;Center
1402;01.07.2024;P5;S1;C172;4;4,47;0,1;Male;36-50;Bizim Tarla Pomidor konservi;Canned;Bizim Tarla;1,5;Grand;Baku;Center
1403;18.11.2024;P2;S1;C93;4;6,17;0,05;Male;50+;Azərsun Günəbaxan Yağı 1L;Grocery;Azersun;2,5;Grand;Baku;Center
1409;20.04.2024;P10;S1;C209;4;3,34;0,1;Male;36-50;Red Bull 250ml;Beverage;Red Bull;1,7;Grand;Baku;Center
1414;30.05.2024;P9;S1;C72;5;6,41;0,05;Male;26-35;Pringles Chips;Snack;Pringles;2,8;Grand;Baku;Center
1424;07.02.2024;P2;S1;C122;1;6,84;0,15;Male;26-35;Azərsun Günəbaxan Yağı 1L;Grocery;Azersun;2,5;Grand;Baku;Center
1426;22.08.2024;P10;S1;C146;3;2,74;0,05;Female;18-25;Red Bull 250ml;Beverage;Red Bull;1,7;Grand;Baku;Center
1434;03.11.2023;P4;S1;C297;2;8,06;0;Male;50+;Savalan Toyuq filesi;Meat;Savalan;4,5;Grand;Baku;Center
1446;17.12.2023;P1;S1;C12;4;1,23;0,05;Female;50+;Coca-Cola 1L;Beverage;Coca-Cola;0,8;Grand;Baku;Center
1447;07.01.2024;P4;S1;C102;3;7,24;0,1;Female;26-35;Savalan Toyuq filesi;Meat;Savalan;4,5;Grand;Baku;Center
1450;27.02.2023;P2;S1;C289;5;7,02;0,05;Female;36-50;Azərsun Günəbaxan Yağı 1L;Grocery;Azersun;2,5;Grand;Baku;Center
1453;08.01.2023;P4;S1;C118;5;10,53;0,15;Female;50+;Savalan Toyuq filesi;Meat;Savalan;4,5;Grand;Baku;Center
1461;25.01.2023;P1;S1;C10;4;2,28;0,1;Male;18-25;Coca-Cola 1L;Beverage;Coca-Cola;0,8;Grand;Baku;Center
1468;17.12.2023;P1;S1;C174;4;1,46;0,1;Male;18-25;Coca-Cola 1L;Beverage;Coca-Cola;0,8;Grand;Baku;Center
1478;31.05.2023;P9;S1;C287;4;8,07;0;Female;26-35;Pringles Chips;Snack;Pringles;2,8;Grand;Baku;Center
1479;06.08.2023;P3;S1;C29;2;3,23;0;Female;18-25;Milla Süd 1L;Dairy;Milla;1,2;Grand;Baku;Center
1481;17.12.2023;P4;S1;C136;1;13,19;0;Female;18-25;Savalan Toyuq filesi;Meat;Savalan;4,5;Grand;Baku;Center
1486;17.11.2024;P9;S1;C145;5;6,19;0,15;Male;18-25;Pringles Chips;Snack;Pringles;2,8;Grand;Baku;Center
1491;03.11.2023;P7;S1;C67;1;0,89;0,05;Male;50+;Sərin Çörək;Bakery;Local;0,4;Grand;Baku;Center
1494;25.07.2023;P5;S1;C214;1;3,1;0,15;Male;36-50;Bizim Tarla Pomidor konservi;Canned;Bizim Tarla;1,5;Grand;Baku;Center
1498;22.11.2023;P7;S1;C42;3;0,96;0,05;Female;18-25;Sərin Çörək;Bakery;Local;0,4;Grand;Baku;Center
1516;13.08.2024;P2;S1;C146;1;4,23;0,05;Female;18-25;Azərsun Günəbaxan Yağı 1L;Grocery;Azersun;2,5;Grand;Baku;Center
1519;26.09.2023;P6;S1;C212;2;2,01;0;Male;26-35;Çudo Şokoladlı desert;Snack;Çudo;1;Grand;Baku;Center
1523;19.02.2024;P10;S1;C138;3;3,69;0,1;Male;26-35;Red Bull 250ml;Beverage;Red Bull;1,7;Grand;Baku;Center
1528;29.04.2023;P3;S1;C53;5;2,95;0,05;Female;50+;Milla Süd 1L;Dairy;Milla;1,2;Grand;Baku;Center
1532;13.06.2024;P9;S1;C281;3;7,74;0,05;Male;26-35;Pringles Chips;Snack;Pringles;2,8;Grand;Baku;Center
1538;27.05.2023;P2;S1;C73;1;4,75;0,05;Female;18-25;Azərsun Günəbaxan Yağı 1L;Grocery;Azersun;2,5;Grand;Baku;Center
1550;27.04.2023;P10;S1;C275;2;3,25;0,1;Female;50+;Red Bull 250ml;Beverage;Red Bull;1,7;Grand;Baku;Center
1554;17.12.2023;P9;S1;C45;5;4,28;0,15;Male;26-35;Pringles Chips;Snack;Pringles;2,8;Grand;Baku;Center
1555;26.01.2023;P1;S1;C12;4;2,18;0,1;Female;50+;Coca-Cola 1L;Beverage;Coca-Cola;0,8;Grand;Baku;Center
1558;18.10.2023;P5;S1;C259;1;3,03;0,15;Male;26-35;Bizim Tarla Pomidor konservi;Canned;Bizim Tarla;1,5;Grand;Baku;Center
1568;19.02.2023;P10;S1;C177;5;4,79;0,05;Male;36-50;Red Bull 250ml;Beverage;Red Bull;1,7;Grand;Baku;Center
1569;12.07.2023;P5;S1;C42;3;3,18;0,15;Female;18-25;Bizim Tarla Pomidor konservi;Canned;Bizim Tarla;1,5;Grand;Baku;Center
1570;05.11.2024;P9;S1;C249;5;5,38;0,1;Female;18-25;Pringles Chips;Snack;Pringles;2,8;Grand;Baku;Center
1582;24.07.2024;P6;S1;C208;5;2,31;0,15;Male;36-50;Çudo Şokoladlı desert;Snack;Çudo;1;Grand;Baku;Center
1585;28.07.2023;P3;S1;C172;3;2,77;0,15;Male;36-50;Milla Süd 1L;Dairy;Milla;1,2;Grand;Baku;Center
1586;13.07.2024;P9;S1;C80;2;6,43;0,1;Male;36-50;Pringles Chips;Snack;Pringles;2,8;Grand;Baku;Center
1593;10.08.2024;P3;S1;C118;3;2,82;0,05;Female;50+;Milla Süd 1L;Dairy;Milla;1,2;Grand;Baku;Center
1594;19.12.2023;P10;S1;C10;3;2,96;0,1;Male;18-25;Red Bull 250ml;Beverage;Red Bull;1,7;Grand;Baku;Center
1596;28.10.2024;P2;S1;C29;2;3,96;0,1;Female;18-25;Azərsun Günəbaxan Yağı 1L;Grocery;Azersun;2,5;Grand;Baku;Center
1600;06.03.2024;P8;S1;C62;4;3,81;0,15;Male;36-50;Natura Yumurta 10 ədəd;Dairy;Natura;2,2;Grand;Baku;Center
1605;14.11.2024;P4;S1;C155;2;13,36;0,05;Female;36-50;Savalan Toyuq filesi;Meat;Savalan;4,5;Grand;Baku;Center
1606;29.07.2024;P1;S1;C48;2;1,47;0,05;Male;18-25;Coca-Cola 1L;Beverage;Coca-Cola;0,8;Grand;Baku;Center
1610;07.06.2023;P8;S1;C7;2;4,92;0,1;Male;26-35;Natura Yumurta 10 ədəd;Dairy;Natura;2,2;Grand;Baku;Center
1611;29.08.2023;P10;S1;C213;3;4,22;0,15;Male;36-50;Red Bull 250ml;Beverage;Red Bull;1,7;Grand;Baku;Center
1614;17.11.2024;P6;S1;C71;2;2,25;0,1;Female;36-50;Çudo Şokoladlı desert;Snack;Çudo;1;Grand;Baku;Center
1634;09.08.2023;P5;S1;C287;2;2,94;0,15;Female;26-35;Bizim Tarla Pomidor konservi;Canned;Bizim Tarla;1,5;Grand;Baku;Center
1638;15.07.2024;P3;S1;C170;4;3,25;0,15;Female;50+;Milla Süd 1L;Dairy;Milla;1,2;Grand;Baku;Center
1642;01.03.2023;P10;S1;C243;4;4,87;0,15;Male;26-35;Red Bull 250ml;Beverage;Red Bull;1,7;Grand;Baku;Center
1644;24.07.2024;P1;S1;C160;3;1,62;0,1;Male;26-35;Coca-Cola 1L;Beverage;Coca-Cola;0,8;Grand;Baku;Center
1647;03.12.2024;P5;S1;C32;4;4,46;0,15;Female;26-35;Bizim Tarla Pomidor konservi;Canned;Bizim Tarla;1,5;Grand;Baku;Center
1648;19.05.2024;P1;S1;C239;1;1,27;0;Male;18-25;Coca-Cola 1L;Beverage;Coca-Cola;0,8;Grand;Baku;Center
1652;29.06.2024;P10;S1;C72;5;3,36;0;Male;26-35;Red Bull 250ml;Beverage;Red Bull;1,7;Grand;Baku;Center
1653;09.08.2023;P6;S1;C78;3;2,95;0,05;Female;36-50;Çudo Şokoladlı desert;Snack;Çudo;1;Grand;Baku;Center
1659;20.01.2024;P9;S1;C40;4;5,94;0,15;Female;18-25;Pringles Chips;Snack;Pringles;2,8;Grand;Baku;Center
1676;18.07.2023;P2;S1;C258;5;5,58;0,05;Female;50+;Azərsun Günəbaxan Yağı 1L;Grocery;Azersun;2,5;Grand;Baku;Center
1677;18.11.2023;P8;S1;C190;4;3,69;0,15;Female;18-25;Natura Yumurta 10 ədəd;Dairy;Natura;2,2;Grand;Baku;Center
1687;10.01.2024;P6;S1;C16;4;1,85;0,15;Male;18-25;Çudo Şokoladlı desert;Snack;Çudo;1;Grand;Baku;Center
1702;17.08.2024;P9;S1;C37;3;4,24;0,05;Male;50+;Pringles Chips;Snack;Pringles;2,8;Grand;Baku;Center
1704;06.05.2023;P3;S1;C190;2;2,46;0;Female;18-25;Milla Süd 1L;Dairy;Milla;1,2;Grand;Baku;Center
1708;14.03.2023;P9;S1;C100;4;6,42;0,05;Male;36-50;Pringles Chips;Snack;Pringles;2,8;Grand;Baku;Center
1735;31.03.2024;P10;S1;C201;1;4,08;0,05;Male;26-35;Red Bull 250ml;Beverage;Red Bull;1,7;Grand;Baku;Center
1747;30.06.2024;P5;S1;C8;2;2,59;0,1;Female;26-35;Bizim Tarla Pomidor konservi;Canned;Bizim Tarla;1,5;Grand;Baku;Center
1761;01.07.2024;P3;S1;C33;3;2,2;0,05;Female;36-50;Milla Süd 1L;Dairy;Milla;1,2;Grand;Baku;Center
1767;29.08.2023;P1;S1;C27;1;2,18;0,1;Female;26-35;Coca-Cola 1L;Beverage;Coca-Cola;0,8;Grand;Baku;Center
1768;05.12.2024;P10;S1;C80;5;4,23;0,15;Male;36-50;Red Bull 250ml;Beverage;Red Bull;1,7;Grand;Baku;Center
1775;06.05.2023;P2;S1;C275;5;4,8;0,15;Female;50+;Azərsun Günəbaxan Yağı 1L;Grocery;Azersun;2,5;Grand;Baku;Center
1779;20.01.2024;P3;S1;C250;5;3,59;0,15;Male;36-50;Milla Süd 1L;Dairy;Milla;1,2;Grand;Baku;Center
1784;31.01.2023;P9;S1;C125;1;7,03;0,15;Male;18-25;Pringles Chips;Snack;Pringles;2,8;Grand;Baku;Center
1786;18.08.2024;P4;S1;C92;1;8,91;0,15;Male;50+;Savalan Toyuq filesi;Meat;Savalan;4,5;Grand;Baku;Center
1791;20.11.2023;P9;S1;C136;3;6,87;0,1;Female;18-25;Pringles Chips;Snack;Pringles;2,8;Grand;Baku;Center
1794;17.03.2024;P1;S1;C161;2;2,26;0,05;Male;18-25;Coca-Cola 1L;Beverage;Coca-Cola;0,8;Grand;Baku;Center
1799;18.07.2024;P6;S1;C300;3;2,24;0,1;Female;18-25;Çudo Şokoladlı desert;Snack;Çudo;1;Grand;Baku;Center
1801;11.11.2023;P1;S1;C271;3;2,4;0,05;Male;26-35;Coca-Cola 1L;Beverage;Coca-Cola;0,8;Grand;Baku;Center
1805;18.05.2024;P10;S1;C125;5;3,86;0,05;Male;18-25;Red Bull 250ml;Beverage;Red Bull;1,7;Grand;Baku;Center
1812;17.11.2024;P4;S1;C184;1;9,15;0,15;Female;50+;Savalan Toyuq filesi;Meat;Savalan;4,5;Grand;Baku;Center
1814;05.04.2024;P9;S1;C149;1;7,86;0,05;Male;50+;Pringles Chips;Snack;Pringles;2,8;Grand;Baku;Center
1821;29.06.2023;P2;S1;C50;5;5,39;0;Male;50+;Azərsun Günəbaxan Yağı 1L;Grocery;Azersun;2,5;Grand;Baku;Center
1825;10.06.2024;P10;S1;C92;3;3,75;0;Male;50+;Red Bull 250ml;Beverage;Red Bull;1,7;Grand;Baku;Center
1829;06.03.2024;P3;S1;C143;3;3,2;0;Female;36-50;Milla Süd 1L;Dairy;Milla;1,2;Grand;Baku;Center
1832;05.08.2023;P8;S1;C168;4;6,27;0,1;Female;26-35;Natura Yumurta 10 ədəd;Dairy;Natura;2,2;Grand;Baku;Center
1836;30.03.2023;P5;S1;C49;3;2,44;0,15;Female;50+;Bizim Tarla Pomidor konservi;Canned;Bizim Tarla;1,5;Grand;Baku;Center
1837;20.06.2023;P9;S1;C210;5;7,95;0;Male;36-50;Pringles Chips;Snack;Pringles;2,8;Grand;Baku;Center
1842;14.06.2024;P10;S1;C292;4;3,71;0,1;Female;50+;Red Bull 250ml;Beverage;Red Bull;1,7;Grand;Baku;Center
1847;25.03.2023;P1;S1;C15;5;1,85;0,05;Male;50+;Coca-Cola 1L;Beverage;Coca-Cola;0,8;Grand;Baku;Center
1858;15.06.2024;P4;S1;C33;1;12,78;0,15;Female;36-50;Savalan Toyuq filesi;Meat;Savalan;4,5;Grand;Baku;Center
1861;01.05.2023;P9;S1;C14;5;4,86;0;Female;18-25;Pringles Chips;Snack;Pringles;2,8;Grand;Baku;Center
1869;12.10.2023;P2;S1;C96;3;5,8;0,05;Male;18-25;Azərsun Günəbaxan Yağı 1L;Grocery;Azersun;2,5;Grand;Baku;Center
1874;12.05.2024;P8;S1;C40;5;4,95;0,15;Female;18-25;Natura Yumurta 10 ədəd;Dairy;Natura;2,2;Grand;Baku;Center
1875;06.10.2023;P2;S1;C203;1;4,49;0;Male;36-50;Azərsun Günəbaxan Yağı 1L;Grocery;Azersun;2,5;Grand;Baku;Center
1887;05.01.2023;P7;S1;C164;4;0,7;0;Male;36-50;Sərin Çörək;Bakery;Local;0,4;Grand;Baku;Center
1888;19.02.2024;P8;S1;C59;3;3,32;0,05;Female;50+;Natura Yumurta 10 ədəd;Dairy;Natura;2,2;Grand;Baku;Center
1897;20.09.2023;P3;S1;C34;1;2,61;0,1;Female;50+;Milla Süd 1L;Dairy;Milla;1,2;Grand;Baku;Center
1901;03.06.2024;P8;S1;C73;3;4,93;0,15;Female;18-25;Natura Yumurta 10 ədəd;Dairy;Natura;2,2;Grand;Baku;Center
1907;15.09.2024;P2;S1;C59;3;5,05;0,1;Female;50+;Azərsun Günəbaxan Yağı 1L;Grocery;Azersun;2,5;Grand;Baku;Center
1916;17.03.2023;P5;S1;C256;5;3,98;0,15;Female;18-25;Bizim Tarla Pomidor konservi;Canned;Bizim Tarla;1,5;Grand;Baku;Center
1921;12.05.2023;P9;S1;C130;2;5,2;0,05;Female;26-35;Pringles Chips;Snack;Pringles;2,8;Grand;Baku;Center
1922;30.05.2024;P2;S1;C19;2;3,91;0,1;Female;36-50;Azərsun Günəbaxan Yağı 1L;Grocery;Azersun;2,5;Grand;Baku;Center
1932;13.07.2023;P6;S1;C144;3;2,16;0;Male;50+;Çudo Şokoladlı desert;Snack;Çudo;1;Grand;Baku;Center
1934;29.03.2023;P6;S1;C221;4;1,81;0,15;Female;50+;Çudo Şokoladlı desert;Snack;Çudo;1;Grand;Baku;Center
1941;17.05.2024;P5;S1;C254;1;4,02;0;Male;18-25;Bizim Tarla Pomidor konservi;Canned;Bizim Tarla;1,5;Grand;Baku;Center
1942;25.10.2024;P5;S1;C5;5;2,3;0;Female;36-50;Bizim Tarla Pomidor konservi;Canned;Bizim Tarla;1,5;Grand;Baku;Center
1954;17.01.2023;P9;S1;C12;1;7,35;0,15;Female;50+;Pringles Chips;Snack;Pringles;2,8;Grand;Baku;Center
1959;14.09.2023;P2;S1;C227;4;6,28;0,15;Male;36-50;Azərsun Günəbaxan Yağı 1L;Grocery;Azersun;2,5;Grand;Baku;Center
1963;17.09.2023;P5;S1;C17;3;4,1;0,05;Female;50+;Bizim Tarla Pomidor konservi;Canned;Bizim Tarla;1,5;Grand;Baku;Center
1975;21.09.2023;P6;S1;C267;5;2,4;0,05;Male;18-25;Çudo Şokoladlı desert;Snack;Çudo;1;Grand;Baku;Center
1982;31.07.2023;P2;S1;C45;1;7,44;0;Male;26-35;Azərsun Günəbaxan Yağı 1L;Grocery;Azersun;2,5;Grand;Baku;Center
1984;03.02.2023;P2;S1;C229;2;5,34;0,1;Female;18-25;Azərsun Günəbaxan Yağı 1L;Grocery;Azersun;2,5;Grand;Baku;Center
1985;30.07.2023;P9;S1;C50;5;5,71;0;Male;50+;Pringles Chips;Snack;Pringles;2,8;Grand;Baku;Center
1987;02.07.2024;P1;S1;C30;1;2,07;0;Female;50+;Coca-Cola 1L;Beverage;Coca-Cola;0,8;Grand;Baku;Center
1991;12.04.2024;P1;S1;C64;4;2,24;0;Male;36-50;Coca-Cola 1L;Beverage;Coca-Cola;0,8;Grand;Baku;Center
2000;20.07.2023;P3;S1;C19;3;1,96;0,1;Female;36-50;Milla Süd 1L;Dairy;Milla;1,2;Grand;Baku;Center
3;31.08.2024;P2;S2;C24;2;5,3;0,1;Male;50+;Azərsun Günəbaxan Yağı 1L;Grocery;Azersun;2,5;Mega Store;Baku;Center
58;01.07.2024;P2;S2;C5;1;6,11;0;Female;36-50;Azərsun Günəbaxan Yağı 1L;Grocery;Azersun;2,5;Mega Store;Baku;Center
6;22.03.2023;P3;S2;C274;3;2,06;0,05;Female;36-50;Milla Süd 1L;Dairy;Milla;1,2;Mega Store;Baku;Center
83;17.04.2024;P5;S2;C6;2;3,78;0;Male;18-25;Bizim Tarla Pomidor konservi;Canned;Bizim Tarla;1,5;Mega Store;Baku;Center
56;03.10.2024;P2;S2;C8;1;3,99;0,1;Female;26-35;Azərsun Günəbaxan Yağı 1L;Grocery;Azersun;2,5;Mega Store;Baku;Center
9;02.04.2024;P4;S2;C279;3;12,23;0,05;Female;26-35;Savalan Toyuq filesi;Meat;Savalan;4,5;Mega Store;Baku;Center
11;12.10.2024;P3;S2;C176;3;2,83;0,1;Female;26-35;Milla Süd 1L;Dairy;Milla;1,2;Mega Store;Baku;Center
12;01.10.2024;P6;S2;C152;1;2,18;0,1;Male;26-35;Çudo Şokoladlı desert;Snack;Çudo;1;Mega Store;Baku;Center
13;17.12.2023;P10;S2;C33;2;4,19;0;Female;36-50;Red Bull 250ml;Beverage;Red Bull;1,7;Mega Store;Baku;Center
14;23.07.2023;P10;S2;C157;1;4,85;0,15;Male;36-50;Red Bull 250ml;Beverage;Red Bull;1,7;Mega Store;Baku;Center
15;02.11.2024;P9;S2;C153;1;5,96;0;Male;18-25;Pringles Chips;Snack;Pringles;2,8;Mega Store;Baku;Center
123;23.11.2024;P1;S2;C278;2;1,69;0,15;Female;36-50;Coca-Cola 1L;Beverage;Coca-Cola;0,8;Mega Store;Baku;Center
21;07.02.2024;P5;S2;C186;2;3,1;0;Male;50+;Bizim Tarla Pomidor konservi;Canned;Bizim Tarla;1,5;Mega Store;Baku;Center
25;17.12.2023;P3;S2;C233;2;3,08;0,1;Male;26-35;Milla Süd 1L;Dairy;Milla;1,2;Mega Store;Baku;Center
26;04.02.2023;P1;S2;C27;1;1,91;0,15;Female;26-35;Coca-Cola 1L;Beverage;Coca-Cola;0,8;Mega Store;Baku;Center
27;13.03.2024;P8;S2;C228;2;6,06;0;Female;36-50;Natura Yumurta 10 ədəd;Dairy;Natura;2,2;Mega Store;Baku;Center
28;06.11.2023;P1;S2;C236;3;1,41;0,1;Female;26-35;Coca-Cola 1L;Beverage;Coca-Cola;0,8;Mega Store;Baku;Center
29;15.12.2023;P3;S2;C229;3;2,77;0,15;Female;18-25;Milla Süd 1L;Dairy;Milla;1,2;Mega Store;Baku;Center
30;04.08.2023;P5;S2;C189;2;4,5;0,05;Male;18-25;Bizim Tarla Pomidor konservi;Canned;Bizim Tarla;1,5;Mega Store;Baku;Center
31;11.04.2023;P7;S2;C113;3;0,9;0,15;Female;26-35;Sərin Çörək;Bakery;Local;0,4;Mega Store;Baku;Center
175;16.09.2024;P6;S2;C113;3;1,99;0,05;Female;26-35;Çudo Şokoladlı desert;Snack;Çudo;1;Mega Store;Baku;Center
134;29.08.2024;P4;S2;C284;1;10,66;0,05;Female;18-25;Savalan Toyuq filesi;Meat;Savalan;4,5;Mega Store;Baku;Center
37;22.11.2024;P8;S2;C165;2;4,11;0;Male;26-35;Natura Yumurta 10 ədəd;Dairy;Natura;2,2;Mega Store;Baku;Center
38;19.04.2023;P4;S2;C135;3;9,12;0,15;Female;36-50;Savalan Toyuq filesi;Meat;Savalan;4,5;Mega Store;Baku;Center
40;19.03.2024;P3;S2;C87;3;3,26;0;Female;18-25;Milla Süd 1L;Dairy;Milla;1,2;Mega Store;Baku;Center
42;30.05.2023;P9;S2;C73;1;6,67;0,05;Female;18-25;Pringles Chips;Snack;Pringles;2,8;Mega Store;Baku;Center
45;16.07.2023;P5;S2;C166;2;3,88;0;Female;36-50;Bizim Tarla Pomidor konservi;Canned;Bizim Tarla;1,5;Mega Store;Baku;Center
47;10.10.2023;P3;S2;C237;3;2,86;0,05;Male;18-25;Milla Süd 1L;Dairy;Milla;1,2;Mega Store;Baku;Center
48;02.01.2024;P8;S2;C283;1;3,43;0,15;Male;26-35;Natura Yumurta 10 ədəd;Dairy;Natura;2,2;Mega Store;Baku;Center
50;20.04.2023;P6;S2;C101;3;1,66;0,1;Female;50+;Çudo Şokoladlı desert;Snack;Çudo;1;Mega Store;Baku;Center
51;21.11.2023;P1;S2;C89;1;1,58;0,05;Female;50+;Coca-Cola 1L;Beverage;Coca-Cola;0,8;Mega Store;Baku;Center
53;14.03.2023;P4;S2;C198;3;7,96;0,1;Female;18-25;Savalan Toyuq filesi;Meat;Savalan;4,5;Mega Store;Baku;Center
143;26.09.2023;P2;S2;C54;3;5,23;0,1;Female;36-50;Azərsun Günəbaxan Yağı 1L;Grocery;Azersun;2,5;Mega Store;Baku;Center
57;27.10.2024;P6;S2;C195;1;2,79;0,05;Male;36-50;Çudo Şokoladlı desert;Snack;Çudo;1;Mega Store;Baku;Center
66;08.11.2023;P5;S2;C58;1;3,92;0;Female;18-25;Bizim Tarla Pomidor konservi;Canned;Bizim Tarla;1,5;Mega Store;Baku;Center
165;15.03.2024;P10;S2;C215;3;4,46;0,1;Female;36-50;Red Bull 250ml;Beverage;Red Bull;1,7;Mega Store;Baku;Center
139;04.10.2024;P6;S2;C271;1;2,13;0,1;Male;26-35;Çudo Şokoladlı desert;Snack;Çudo;1;Mega Store;Baku;Center
88;17.07.2024;P4;S2;C76;2;12,46;0;Male;36-50;Savalan Toyuq filesi;Meat;Savalan;4,5;Mega Store;Baku;Center
86;31.05.2024;P7;S2;C272;1;1,1;0,15;Female;36-50;Sərin Çörək;Bakery;Local;0,4;Mega Store;Baku;Center
95;26.01.2024;P7;S2;C231;2;1,03;0,1;Male;18-25;Sərin Çörək;Bakery;Local;0,4;Mega Store;Baku;Center
105;22.01.2023;P10;S2;C253;3;4,8;0,15;Female;50+;Red Bull 250ml;Beverage;Red Bull;1,7;Mega Store;Baku;Center
111;17.12.2023;P9;S2;C293;1;4,35;0,1;Male;26-35;Pringles Chips;Snack;Pringles;2,8;Mega Store;Baku;Center
124;15.10.2023;P9;S2;C125;1;6,06;0,05;Male;18-25;Pringles Chips;Snack;Pringles;2,8;Mega Store;Baku;Center
140;14.06.2023;P5;S2;C158;3;3,51;0,05;Female;26-35;Bizim Tarla Pomidor konservi;Canned;Bizim Tarla;1,5;Mega Store;Baku;Center
182;13.07.2023;P4;S2;C206;3;6,95;0;Female;36-50;Savalan Toyuq filesi;Meat;Savalan;4,5;Mega Store;Baku;Center
310;25.07.2024;P3;S2;C228;1;2,52;0;Female;36-50;Milla Süd 1L;Dairy;Milla;1,2;Mega Store;Baku;Center
322;21.09.2023;P1;S2;C119;3;2,02;0,05;Female;50+;Coca-Cola 1L;Beverage;Coca-Cola;0,8;Mega Store;Baku;Center
856;29.10.2023;P3;S2;C195;1;2,09;0;Male;36-50;Milla Süd 1L;Dairy;Milla;1,2;Mega Store;Baku;Center
885;03.09.2023;P1;S2;C40;2;2,03;0,1;Female;18-25;Coca-Cola 1L;Beverage;Coca-Cola;0,8;Mega Store;Baku;Center
895;30.03.2023;P9;S2;C94;3;7,98;0,05;Female;36-50;Pringles Chips;Snack;Pringles;2,8;Mega Store;Baku;Center
902;29.11.2023;P2;S2;C149;1;6,48;0;Male;50+;Azərsun Günəbaxan Yağı 1L;Grocery;Azersun;2,5;Mega Store;Baku;Center
907;17.12.2023;P3;S2;C227;3;2,88;0,1;Male;36-50;Milla Süd 1L;Dairy;Milla;1,2;Mega Store;Baku;Center
915;17.06.2023;P1;S2;C205;2;1,92;0,05;Female;36-50;Coca-Cola 1L;Beverage;Coca-Cola;0,8;Mega Store;Baku;Center
921;09.02.2023;P10;S2;C222;3;2,91;0;Female;18-25;Red Bull 250ml;Beverage;Red Bull;1,7;Mega Store;Baku;Center
929;27.11.2024;P3;S2;C146;2;2,8;0,1;Female;18-25;Milla Süd 1L;Dairy;Milla;1,2;Mega Store;Baku;Center
930;13.11.2023;P6;S2;C10;3;2,13;0;Male;18-25;Çudo Şokoladlı desert;Snack;Çudo;1;Mega Store;Baku;Center
942;23.06.2024;P3;S2;C69;1;2,15;0,15;Female;26-35;Milla Süd 1L;Dairy;Milla;1,2;Mega Store;Baku;Center
956;17.12.2023;P5;S2;C135;1;2,51;0,1;Female;36-50;Bizim Tarla Pomidor konservi;Canned;Bizim Tarla;1,5;Mega Store;Baku;Center
957;07.07.2023;P4;S2;C287;3;10,07;0,1;Female;26-35;Savalan Toyuq filesi;Meat;Savalan;4,5;Mega Store;Baku;Center
961;24.01.2024;P4;S2;C160;1;11,16;0;Male;26-35;Savalan Toyuq filesi;Meat;Savalan;4,5;Mega Store;Baku;Center
966;30.06.2024;P8;S2;C205;3;4,56;0,15;Female;36-50;Natura Yumurta 10 ədəd;Dairy;Natura;2,2;Mega Store;Baku;Center
995;01.02.2024;P5;S2;C240;3;3,23;0,05;Male;26-35;Bizim Tarla Pomidor konservi;Canned;Bizim Tarla;1,5;Mega Store;Baku;Center
1033;12.04.2023;P8;S2;C86;1;3,68;0,05;Female;36-50;Natura Yumurta 10 ədəd;Dairy;Natura;2,2;Mega Store;Baku;Center
1035;17.12.2023;P8;S2;C91;2;5,21;0,1;Male;36-50;Natura Yumurta 10 ədəd;Dairy;Natura;2,2;Mega Store;Baku;Center
1036;19.10.2024;P8;S2;C231;2;5,55;0,15;Male;18-25;Natura Yumurta 10 ədəd;Dairy;Natura;2,2;Mega Store;Baku;Center
1044;17.04.2024;P7;S2;C176;2;0,7;0,05;Female;26-35;Sərin Çörək;Bakery;Local;0,4;Mega Store;Baku;Center
1047;20.05.2023;P3;S2;C131;3;2,48;0,05;Female;36-50;Milla Süd 1L;Dairy;Milla;1,2;Mega Store;Baku;Center
1051;12.10.2024;P6;S2;C183;2;2,42;0,1;Male;50+;Çudo Şokoladlı desert;Snack;Çudo;1;Mega Store;Baku;Center
1059;01.07.2024;P2;S2;C125;2;5,48;0,1;Male;18-25;Azərsun Günəbaxan Yağı 1L;Grocery;Azersun;2,5;Mega Store;Baku;Center
1062;31.08.2024;P1;S2;C91;2;1,56;0,15;Male;36-50;Coca-Cola 1L;Beverage;Coca-Cola;0,8;Mega Store;Baku;Center
1067;20.05.2023;P9;S2;C65;1;7,58;0,05;Male;36-50;Pringles Chips;Snack;Pringles;2,8;Mega Store;Baku;Center
1068;30.04.2024;P1;S2;C37;1;1,57;0,05;Male;50+;Coca-Cola 1L;Beverage;Coca-Cola;0,8;Mega Store;Baku;Center
1070;08.07.2023;P10;S2;C53;3;4,55;0;Female;50+;Red Bull 250ml;Beverage;Red Bull;1,7;Mega Store;Baku;Center
1072;13.10.2023;P7;S2;C52;2;0,73;0,05;Female;50+;Sərin Çörək;Bakery;Local;0,4;Mega Store;Baku;Center
1088;17.05.2023;P3;S2;C123;2;3,49;0,1;Female;36-50;Milla Süd 1L;Dairy;Milla;1,2;Mega Store;Baku;Center
1091;22.10.2024;P4;S2;C63;3;10,64;0,15;Female;50+;Savalan Toyuq filesi;Meat;Savalan;4,5;Mega Store;Baku;Center
1098;12.03.2024;P6;S2;C213;3;2,97;0,1;Male;36-50;Çudo Şokoladlı desert;Snack;Çudo;1;Mega Store;Baku;Center
1108;29.07.2023;P4;S2;C259;1;12,97;0;Male;26-35;Savalan Toyuq filesi;Meat;Savalan;4,5;Mega Store;Baku;Center
1111;03.12.2023;P6;S2;C283;2;2,26;0;Male;26-35;Çudo Şokoladlı desert;Snack;Çudo;1;Mega Store;Baku;Center
1121;18.08.2023;P6;S2;C283;3;2,12;0,15;Male;26-35;Çudo Şokoladlı desert;Snack;Çudo;1;Mega Store;Baku;Center
1123;30.06.2023;P4;S2;C242;2;7,25;0,1;Female;50+;Savalan Toyuq filesi;Meat;Savalan;4,5;Mega Store;Baku;Center
1128;24.05.2023;P7;S2;C264;1;1,1;0,1;Female;36-50;Sərin Çörək;Bakery;Local;0,4;Mega Store;Baku;Center
1130;03.06.2024;P1;S2;C104;3;1,22;0,15;Male;36-50;Coca-Cola 1L;Beverage;Coca-Cola;0,8;Mega Store;Baku;Center
1137;27.04.2023;P5;S2;C273;2;3,58;0,05;Female;50+;Bizim Tarla Pomidor konservi;Canned;Bizim Tarla;1,5;Mega Store;Baku;Center
1147;02.11.2024;P5;S2;C295;1;2,95;0;Female;18-25;Bizim Tarla Pomidor konservi;Canned;Bizim Tarla;1,5;Mega Store;Baku;Center
1149;04.01.2024;P2;S2;C141;2;4,97;0,15;Female;50+;Azərsun Günəbaxan Yağı 1L;Grocery;Azersun;2,5;Mega Store;Baku;Center
1154;26.04.2024;P10;S2;C218;2;2,96;0,05;Female;36-50;Red Bull 250ml;Beverage;Red Bull;1,7;Mega Store;Baku;Center
1161;08.01.2023;P1;S2;C278;3;2,38;0,1;Female;36-50;Coca-Cola 1L;Beverage;Coca-Cola;0,8;Mega Store;Baku;Center
1162;16.03.2023;P1;S2;C225;3;1,55;0,05;Male;26-35;Coca-Cola 1L;Beverage;Coca-Cola;0,8;Mega Store;Baku;Center
1164;28.06.2023;P6;S2;C224;1;2,21;0;Female;50+;Çudo Şokoladlı desert;Snack;Çudo;1;Mega Store;Baku;Center
1165;16.09.2023;P10;S2;C17;1;4,72;0;Female;50+;Red Bull 250ml;Beverage;Red Bull;1,7;Mega Store;Baku;Center
1166;17.12.2023;P7;S2;C66;1;0,78;0,05;Male;26-35;Sərin Çörək;Bakery;Local;0,4;Mega Store;Baku;Center
1169;16.01.2024;P2;S2;C16;3;3,78;0,05;Male;18-25;Azərsun Günəbaxan Yağı 1L;Grocery;Azersun;2,5;Mega Store;Baku;Center
1172;01.11.2023;P7;S2;C190;2;0,67;0,1;Female;18-25;Sərin Çörək;Bakery;Local;0,4;Mega Store;Baku;Center
1213;25.06.2024;P4;S2;C197;3;8,85;0;Female;26-35;Savalan Toyuq filesi;Meat;Savalan;4,5;Mega Store;Baku;Center
1225;02.01.2024;P3;S2;C92;2;3,03;0,1;Male;50+;Milla Süd 1L;Dairy;Milla;1,2;Mega Store;Baku;Center
1249;24.09.2023;P5;S2;C144;3;3,03;0,05;Male;50+;Bizim Tarla Pomidor konservi;Canned;Bizim Tarla;1,5;Mega Store;Baku;Center
1251;23.01.2023;P1;S2;C145;2;1,85;0,1;Male;18-25;Coca-Cola 1L;Beverage;Coca-Cola;0,8;Mega Store;Baku;Center
1257;05.05.2023;P9;S2;C245;2;4,67;0,1;Male;26-35;Pringles Chips;Snack;Pringles;2,8;Mega Store;Baku;Center
1265;25.11.2024;P5;S2;C174;1;3,87;0;Male;18-25;Bizim Tarla Pomidor konservi;Canned;Bizim Tarla;1,5;Mega Store;Baku;Center
1271;16.10.2024;P6;S2;C129;2;1,92;0,1;Male;26-35;Çudo Şokoladlı desert;Snack;Çudo;1;Mega Store;Baku;Center
1273;31.08.2024;P5;S2;C243;1;2,34;0,15;Male;26-35;Bizim Tarla Pomidor konservi;Canned;Bizim Tarla;1,5;Mega Store;Baku;Center
1279;03.07.2023;P6;S2;C24;2;1,89;0,05;Male;50+;Çudo Şokoladlı desert;Snack;Çudo;1;Mega Store;Baku;Center
1287;16.05.2023;P7;S2;C117;2;0,77;0;Male;18-25;Sərin Çörək;Bakery;Local;0,4;Mega Store;Baku;Center
1292;27.09.2024;P2;S2;C242;3;5,83;0,15;Female;50+;Azərsun Günəbaxan Yağı 1L;Grocery;Azersun;2,5;Mega Store;Baku;Center
1306;26.05.2024;P5;S2;C162;3;2,35;0;Female;18-25;Bizim Tarla Pomidor konservi;Canned;Bizim Tarla;1,5;Mega Store;Baku;Center
1310;27.03.2023;P2;S2;C163;3;6,58;0,05;Male;36-50;Azərsun Günəbaxan Yağı 1L;Grocery;Azersun;2,5;Mega Store;Baku;Center
1315;16.08.2023;P7;S2;C159;1;1,2;0,05;Female;18-25;Sərin Çörək;Bakery;Local;0,4;Mega Store;Baku;Center
1320;11.07.2024;P7;S2;C121;1;0,66;0,15;Male;26-35;Sərin Çörək;Bakery;Local;0,4;Mega Store;Baku;Center
1336;03.03.2023;P1;S2;C187;3;1,57;0,05;Male;26-35;Coca-Cola 1L;Beverage;Coca-Cola;0,8;Mega Store;Baku;Center
1347;09.03.2024;P4;S2;C290;3;12,64;0,1;Male;26-35;Savalan Toyuq filesi;Meat;Savalan;4,5;Mega Store;Baku;Center
1360;24.06.2023;P10;S2;C161;3;3,54;0,1;Male;18-25;Red Bull 250ml;Beverage;Red Bull;1,7;Mega Store;Baku;Center
1368;08.03.2023;P3;S2;C218;3;2,22;0;Female;36-50;Milla Süd 1L;Dairy;Milla;1,2;Mega Store;Baku;Center
1386;17.12.2023;P6;S2;C215;3;2,31;0,1;Female;36-50;Çudo Şokoladlı desert;Snack;Çudo;1;Mega Store;Baku;Center
1397;20.10.2024;P1;S2;C62;2;2,21;0,15;Male;36-50;Coca-Cola 1L;Beverage;Coca-Cola;0,8;Mega Store;Baku;Center
1404;02.05.2024;P1;S2;C99;3;2,26;0,15;Male;50+;Coca-Cola 1L;Beverage;Coca-Cola;0,8;Mega Store;Baku;Center
1435;07.01.2024;P6;S2;C166;3;2,83;0;Female;36-50;Çudo Şokoladlı desert;Snack;Çudo;1;Mega Store;Baku;Center
1438;17.12.2023;P6;S2;C147;3;2,28;0,05;Male;36-50;Çudo Şokoladlı desert;Snack;Çudo;1;Mega Store;Baku;Center
1439;27.10.2024;P7;S2;C259;2;1,14;0,05;Male;26-35;Sərin Çörək;Bakery;Local;0,4;Mega Store;Baku;Center
1440;14.09.2023;P6;S2;C77;1;2,76;0,15;Male;26-35;Çudo Şokoladlı desert;Snack;Çudo;1;Mega Store;Baku;Center
1443;23.11.2023;P7;S2;C137;3;1,15;0;Male;50+;Sərin Çörək;Bakery;Local;0,4;Mega Store;Baku;Center
1466;25.03.2023;P5;S2;C236;3;3,53;0,1;Female;26-35;Bizim Tarla Pomidor konservi;Canned;Bizim Tarla;1,5;Mega Store;Baku;Center
1469;25.01.2024;P5;S2;C187;1;2,6;0,15;Male;26-35;Bizim Tarla Pomidor konservi;Canned;Bizim Tarla;1,5;Mega Store;Baku;Center
1470;16.02.2023;P5;S2;C298;1;3,42;0,15;Female;36-50;Bizim Tarla Pomidor konservi;Canned;Bizim Tarla;1,5;Mega Store;Baku;Center
1472;16.09.2023;P6;S2;C5;2;2,92;0;Female;36-50;Çudo Şokoladlı desert;Snack;Çudo;1;Mega Store;Baku;Center
1476;20.08.2023;P10;S2;C129;3;3,03;0,1;Male;26-35;Red Bull 250ml;Beverage;Red Bull;1,7;Mega Store;Baku;Center
1485;20.11.2024;P3;S2;C178;3;1,8;0;Male;36-50;Milla Süd 1L;Dairy;Milla;1,2;Mega Store;Baku;Center
1504;15.03.2024;P2;S2;C111;2;4,39;0;Female;18-25;Azərsun Günəbaxan Yağı 1L;Grocery;Azersun;2,5;Mega Store;Baku;Center
1507;24.02.2023;P6;S2;C171;1;1,77;0,1;Male;36-50;Çudo Şokoladlı desert;Snack;Çudo;1;Mega Store;Baku;Center
1517;16.04.2024;P10;S2;C182;1;2,87;0;Female;18-25;Red Bull 250ml;Beverage;Red Bull;1,7;Mega Store;Baku;Center
1520;15.07.2024;P2;S2;C236;1;7,09;0,15;Female;26-35;Azərsun Günəbaxan Yağı 1L;Grocery;Azersun;2,5;Mega Store;Baku;Center
1526;14.10.2023;P8;S2;C141;2;4,13;0;Female;50+;Natura Yumurta 10 ədəd;Dairy;Natura;2,2;Mega Store;Baku;Center
1537;14.07.2023;P5;S2;C131;2;2,74;0,15;Female;36-50;Bizim Tarla Pomidor konservi;Canned;Bizim Tarla;1,5;Mega Store;Baku;Center
1545;09.08.2023;P5;S2;C16;1;3,06;0,1;Male;18-25;Bizim Tarla Pomidor konservi;Canned;Bizim Tarla;1,5;Mega Store;Baku;Center
1546;08.03.2024;P1;S2;C262;1;1,7;0;Male;18-25;Coca-Cola 1L;Beverage;Coca-Cola;0,8;Mega Store;Baku;Center
1552;05.05.2024;P9;S2;C86;1;5,6;0;Female;36-50;Pringles Chips;Snack;Pringles;2,8;Mega Store;Baku;Center
1559;18.08.2023;P7;S2;C147;3;1,02;0;Male;36-50;Sərin Çörək;Bakery;Local;0,4;Mega Store;Baku;Center
1573;08.07.2024;P6;S2;C75;3;1,72;0;Female;50+;Çudo Şokoladlı desert;Snack;Çudo;1;Mega Store;Baku;Center
1629;02.04.2024;P7;S2;C17;1;1,04;0,15;Female;50+;Sərin Çörək;Bakery;Local;0,4;Mega Store;Baku;Center
1639;23.06.2024;P7;S2;C148;2;0,78;0,15;Female;36-50;Sərin Çörək;Bakery;Local;0,4;Mega Store;Baku;Center
1678;07.07.2023;P2;S2;C97;2;7,2;0,15;Female;36-50;Azərsun Günəbaxan Yağı 1L;Grocery;Azersun;2,5;Mega Store;Baku;Center
1683;12.11.2024;P7;S2;C86;1;1,18;0,15;Female;36-50;Sərin Çörək;Bakery;Local;0,4;Mega Store;Baku;Center
1689;10.06.2023;P1;S2;C19;2;1,43;0,1;Female;36-50;Coca-Cola 1L;Beverage;Coca-Cola;0,8;Mega Store;Baku;Center
1694;29.09.2023;P9;S2;C115;2;6,8;0;Male;26-35;Pringles Chips;Snack;Pringles;2,8;Mega Store;Baku;Center
1697;07.07.2024;P2;S2;C12;1;6,83;0;Female;50+;Azərsun Günəbaxan Yağı 1L;Grocery;Azersun;2,5;Mega Store;Baku;Center
1703;19.08.2024;P6;S2;C66;2;2,87;0,05;Male;26-35;Çudo Şokoladlı desert;Snack;Çudo;1;Mega Store;Baku;Center
1730;23.10.2023;P4;S2;C5;2;12,85;0,1;Female;36-50;Savalan Toyuq filesi;Meat;Savalan;4,5;Mega Store;Baku;Center
1737;20.04.2024;P9;S2;C22;1;6,08;0,05;Male;36-50;Pringles Chips;Snack;Pringles;2,8;Mega Store;Baku;Center
1745;23.09.2024;P8;S2;C17;1;5,17;0,05;Female;50+;Natura Yumurta 10 ədəd;Dairy;Natura;2,2;Mega Store;Baku;Center
1746;10.12.2024;P1;S2;C187;3;1,78;0,15;Male;26-35;Coca-Cola 1L;Beverage;Coca-Cola;0,8;Mega Store;Baku;Center
1752;20.01.2023;P3;S2;C130;2;2,13;0,15;Female;26-35;Milla Süd 1L;Dairy;Milla;1,2;Mega Store;Baku;Center
1759;07.12.2024;P5;S2;C197;2;3,35;0;Female;26-35;Bizim Tarla Pomidor konservi;Canned;Bizim Tarla;1,5;Mega Store;Baku;Center
1772;06.01.2024;P5;S2;C137;3;2,98;0,1;Male;50+;Bizim Tarla Pomidor konservi;Canned;Bizim Tarla;1,5;Mega Store;Baku;Center
1776;05.09.2024;P6;S2;C189;1;2,03;0,05;Male;18-25;Çudo Şokoladlı desert;Snack;Çudo;1;Mega Store;Baku;Center
1777;28.06.2024;P9;S2;C40;3;8,4;0,05;Female;18-25;Pringles Chips;Snack;Pringles;2,8;Mega Store;Baku;Center
1782;07.08.2023;P3;S2;C173;2;2,92;0;Female;26-35;Milla Süd 1L;Dairy;Milla;1,2;Mega Store;Baku;Center
1802;23.05.2023;P2;S2;C164;3;7,45;0,1;Male;36-50;Azərsun Günəbaxan Yağı 1L;Grocery;Azersun;2,5;Mega Store;Baku;Center
1808;29.11.2023;P1;S2;C300;2;1,62;0,05;Female;18-25;Coca-Cola 1L;Beverage;Coca-Cola;0,8;Mega Store;Baku;Center
1809;18.11.2023;P2;S2;C45;1;4,9;0,05;Male;26-35;Azərsun Günəbaxan Yağı 1L;Grocery;Azersun;2,5;Mega Store;Baku;Center
1813;04.12.2024;P5;S2;C278;1;4,01;0,15;Female;36-50;Bizim Tarla Pomidor konservi;Canned;Bizim Tarla;1,5;Mega Store;Baku;Center
1817;23.10.2023;P3;S2;C284;3;2,05;0;Female;18-25;Milla Süd 1L;Dairy;Milla;1,2;Mega Store;Baku;Center
1823;07.12.2023;P1;S2;C37;2;2,06;0,1;Male;50+;Coca-Cola 1L;Beverage;Coca-Cola;0,8;Mega Store;Baku;Center
1831;08.06.2023;P3;S2;C245;2;2,98;0,1;Male;26-35;Milla Süd 1L;Dairy;Milla;1,2;Mega Store;Baku;Center
1839;03.01.2024;P4;S2;C146;2;7,69;0,1;Female;18-25;Savalan Toyuq filesi;Meat;Savalan;4,5;Mega Store;Baku;Center
1840;09.03.2024;P3;S2;C274;2;2,82;0;Female;36-50;Milla Süd 1L;Dairy;Milla;1,2;Mega Store;Baku;Center
1846;07.05.2024;P8;S2;C72;1;5,83;0;Male;26-35;Natura Yumurta 10 ədəd;Dairy;Natura;2,2;Mega Store;Baku;Center
1853;18.10.2024;P4;S2;C203;2;11,91;0,15;Male;36-50;Savalan Toyuq filesi;Meat;Savalan;4,5;Mega Store;Baku;Center
1856;27.06.2024;P3;S2;C240;2;3,09;0,1;Male;26-35;Milla Süd 1L;Dairy;Milla;1,2;Mega Store;Baku;Center
1864;11.10.2024;P10;S2;C207;3;2,77;0;Male;26-35;Red Bull 250ml;Beverage;Red Bull;1,7;Mega Store;Baku;Center
1870;21.08.2023;P6;S2;C91;2;2,49;0,15;Male;36-50;Çudo Şokoladlı desert;Snack;Çudo;1;Mega Store;Baku;Center
1878;26.01.2023;P6;S2;C23;3;1,8;0,15;Female;18-25;Çudo Şokoladlı desert;Snack;Çudo;1;Mega Store;Baku;Center
1884;20.07.2023;P8;S2;C103;2;5,26;0,05;Female;26-35;Natura Yumurta 10 ədəd;Dairy;Natura;2,2;Mega Store;Baku;Center
1885;10.08.2023;P3;S2;C106;2;3,33;0,15;Male;36-50;Milla Süd 1L;Dairy;Milla;1,2;Mega Store;Baku;Center
1889;13.01.2024;P8;S2;C141;2;4,75;0,05;Female;50+;Natura Yumurta 10 ədəd;Dairy;Natura;2,2;Mega Store;Baku;Center
1900;10.03.2024;P10;S2;C244;3;2,6;0;Female;36-50;Red Bull 250ml;Beverage;Red Bull;1,7;Mega Store;Baku;Center
1905;22.01.2023;P6;S2;C217;1;2,07;0,15;Female;26-35;Çudo Şokoladlı desert;Snack;Çudo;1;Mega Store;Baku;Center
1906;26.12.2024;P5;S2;C237;3;3,34;0,05;Male;18-25;Bizim Tarla Pomidor konservi;Canned;Bizim Tarla;1,5;Mega Store;Baku;Center
1909;11.05.2024;P3;S2;C183;1;2,24;0,15;Male;50+;Milla Süd 1L;Dairy;Milla;1,2;Mega Store;Baku;Center
1911;29.09.2023;P2;S2;C210;3;7,17;0,15;Male;36-50;Azərsun Günəbaxan Yağı 1L;Grocery;Azersun;2,5;Mega Store;Baku;Center
1918;24.08.2023;P5;S2;C231;1;3,53;0;Male;18-25;Bizim Tarla Pomidor konservi;Canned;Bizim Tarla;1,5;Mega Store;Baku;Center
1924;23.06.2024;P6;S2;C91;1;2,92;0,15;Male;36-50;Çudo Şokoladlı desert;Snack;Çudo;1;Mega Store;Baku;Center
1931;10.05.2024;P1;S2;C181;1;2,03;0,15;Female;36-50;Coca-Cola 1L;Beverage;Coca-Cola;0,8;Mega Store;Baku;Center
1947;15.05.2024;P2;S2;C21;1;6,24;0,1;Male;18-25;Azərsun Günəbaxan Yağı 1L;Grocery;Azersun;2,5;Mega Store;Baku;Center
1956;21.09.2023;P3;S2;C203;2;3,33;0,05;Male;36-50;Milla Süd 1L;Dairy;Milla;1,2;Mega Store;Baku;Center
1;18.06.2024;P10;S2;C155;4;4,88;0;Female;36-50;Red Bull 250ml;Beverage;Red Bull;1,7;Mega Store;Baku;Center
4;03.02.2024;P8;S2;C102;4;4,36;0,1;Female;26-35;Natura Yumurta 10 ədəd;Dairy;Natura;2,2;Mega Store;Baku;Center
7;18.09.2023;P7;S2;C201;4;0,79;0,1;Male;26-35;Sərin Çörək;Bakery;Local;0,4;Mega Store;Baku;Center
10;15.05.2024;P4;S2;C289;4;12,39;0,1;Female;36-50;Savalan Toyuq filesi;Meat;Savalan;4,5;Mega Store;Baku;Center
16;27.06.2023;P5;S2;C278;4;4,06;0,05;Female;36-50;Bizim Tarla Pomidor konservi;Canned;Bizim Tarla;1,5;Mega Store;Baku;Center
24;17.03.2024;P7;S2;C233;4;1,09;0;Male;26-35;Sərin Çörək;Bakery;Local;0,4;Mega Store;Baku;Center
55;21.11.2024;P4;S2;C32;4;13,11;0,15;Female;26-35;Savalan Toyuq filesi;Meat;Savalan;4,5;Mega Store;Baku;Center
39;28.02.2023;P5;S2;C67;4;4,04;0,1;Male;50+;Bizim Tarla Pomidor konservi;Canned;Bizim Tarla;1,5;Mega Store;Baku;Center
44;27.06.2024;P7;S2;C177;4;0,86;0,1;Male;36-50;Sərin Çörək;Bakery;Local;0,4;Mega Store;Baku;Center
46;13.05.2024;P4;S2;C184;4;7,59;0,1;Female;50+;Savalan Toyuq filesi;Meat;Savalan;4,5;Mega Store;Baku;Center
72;06.01.2024;P10;S2;C58;4;3,99;0;Female;18-25;Red Bull 250ml;Beverage;Red Bull;1,7;Mega Store;Baku;Center
863;01.10.2024;P1;S2;C143;4;1,87;0,1;Female;36-50;Coca-Cola 1L;Beverage;Coca-Cola;0,8;Mega Store;Baku;Center
893;18.05.2023;P2;S2;C7;4;3,97;0,15;Male;26-35;Azərsun Günəbaxan Yağı 1L;Grocery;Azersun;2,5;Mega Store;Baku;Center
898;18.02.2024;P10;S2;C29;4;3,62;0,05;Female;18-25;Red Bull 250ml;Beverage;Red Bull;1,7;Mega Store;Baku;Center
914;16.06.2024;P8;S2;C187;4;4,78;0;Male;26-35;Natura Yumurta 10 ədəd;Dairy;Natura;2,2;Mega Store;Baku;Center
928;28.02.2023;P9;S2;C263;4;7,51;0,1;Male;26-35;Pringles Chips;Snack;Pringles;2,8;Mega Store;Baku;Center
945;22.07.2023;P2;S2;C57;4;6,92;0;Female;50+;Azərsun Günəbaxan Yağı 1L;Grocery;Azersun;2,5;Mega Store;Baku;Center
952;28.09.2024;P3;S2;C270;4;3,05;0,15;Male;26-35;Milla Süd 1L;Dairy;Milla;1,2;Mega Store;Baku;Center
965;15.05.2023;P7;S2;C258;4;1,15;0,15;Female;50+;Sərin Çörək;Bakery;Local;0,4;Mega Store;Baku;Center
969;18.05.2024;P4;S2;C168;4;10,28;0,05;Female;26-35;Savalan Toyuq filesi;Meat;Savalan;4,5;Mega Store;Baku;Center
971;27.01.2023;P4;S2;C273;4;11,48;0,15;Female;50+;Savalan Toyuq filesi;Meat;Savalan;4,5;Mega Store;Baku;Center
990;02.07.2024;P3;S2;C151;4;3;0,1;Female;26-35;Milla Süd 1L;Dairy;Milla;1,2;Mega Store;Baku;Center
1004;29.09.2024;P2;S2;C117;4;3,77;0;Male;18-25;Azərsun Günəbaxan Yağı 1L;Grocery;Azersun;2,5;Mega Store;Baku;Center
1007;20.04.2024;P3;S2;C61;4;2,06;0,15;Male;26-35;Milla Süd 1L;Dairy;Milla;1,2;Mega Store;Baku;Center
1015;30.09.2023;P8;S2;C23;4;5,54;0,05;Female;18-25;Natura Yumurta 10 ədəd;Dairy;Natura;2,2;Mega Store;Baku;Center
1027;07.06.2024;P8;S2;C194;4;3,53;0,05;Male;50+;Natura Yumurta 10 ədəd;Dairy;Natura;2,2;Mega Store;Baku;Center
1030;06.06.2024;P3;S2;C237;4;3,3;0,15;Male;18-25;Milla Süd 1L;Dairy;Milla;1,2;Mega Store;Baku;Center
1048;01.05.2024;P1;S2;C229;4;1,68;0,15;Female;18-25;Coca-Cola 1L;Beverage;Coca-Cola;0,8;Mega Store;Baku;Center
1099;31.03.2023;P5;S2;C46;4;3,37;0,15;Female;36-50;Bizim Tarla Pomidor konservi;Canned;Bizim Tarla;1,5;Mega Store;Baku;Center
1101;02.06.2024;P3;S2;C83;4;3,19;0,15;Female;26-35;Milla Süd 1L;Dairy;Milla;1,2;Mega Store;Baku;Center
1112;18.04.2024;P3;S2;C44;4;2,32;0,15;Male;36-50;Milla Süd 1L;Dairy;Milla;1,2;Mega Store;Baku;Center
1145;13.03.2023;P10;S2;C234;4;2,9;0,1;Male;50+;Red Bull 250ml;Beverage;Red Bull;1,7;Mega Store;Baku;Center
1150;17.08.2023;P7;S2;C37;4;1,09;0,1;Male;50+;Sərin Çörək;Bakery;Local;0,4;Mega Store;Baku;Center
1187;16.10.2023;P9;S2;C47;4;5,85;0,05;Female;26-35;Pringles Chips;Snack;Pringles;2,8;Mega Store;Baku;Center
1205;06.06.2023;P2;S2;C236;4;6,33;0,05;Female;26-35;Azərsun Günəbaxan Yağı 1L;Grocery;Azersun;2,5;Mega Store;Baku;Center
1206;05.07.2024;P2;S2;C280;4;7,19;0;Male;50+;Azərsun Günəbaxan Yağı 1L;Grocery;Azersun;2,5;Mega Store;Baku;Center
1250;31.10.2024;P7;S2;C26;4;0,79;0,1;Male;50+;Sərin Çörək;Bakery;Local;0,4;Mega Store;Baku;Center
1252;09.01.2024;P9;S2;C126;4;6,22;0,05;Male;50+;Pringles Chips;Snack;Pringles;2,8;Mega Store;Baku;Center
1258;10.04.2023;P5;S2;C175;4;3,93;0,05;Female;36-50;Bizim Tarla Pomidor konservi;Canned;Bizim Tarla;1,5;Mega Store;Baku;Center
1288;01.11.2023;P5;S2;C151;4;4,03;0,15;Female;26-35;Bizim Tarla Pomidor konservi;Canned;Bizim Tarla;1,5;Mega Store;Baku;Center
1295;17.12.2023;P2;S2;C151;4;3,92;0,15;Female;26-35;Azərsun Günəbaxan Yağı 1L;Grocery;Azersun;2,5;Mega Store;Baku;Center
1311;25.05.2024;P3;S2;C53;4;2,17;0,1;Female;50+;Milla Süd 1L;Dairy;Milla;1,2;Mega Store;Baku;Center
1312;14.06.2023;P6;S2;C209;4;1,72;0;Male;36-50;Çudo Şokoladlı desert;Snack;Çudo;1;Mega Store;Baku;Center
1350;18.04.2023;P5;S2;C162;4;3,2;0,05;Female;18-25;Bizim Tarla Pomidor konservi;Canned;Bizim Tarla;1,5;Mega Store;Baku;Center
1372;25.10.2024;P10;S2;C268;4;3,04;0,05;Female;26-35;Red Bull 250ml;Beverage;Red Bull;1,7;Mega Store;Baku;Center
1425;07.03.2023;P9;S2;C251;4;7,23;0;Female;50+;Pringles Chips;Snack;Pringles;2,8;Mega Store;Baku;Center
1432;02.05.2024;P3;S2;C119;4;2,02;0,15;Female;50+;Milla Süd 1L;Dairy;Milla;1,2;Mega Store;Baku;Center
1452;14.12.2023;P6;S2;C218;4;2,41;0,05;Female;36-50;Çudo Şokoladlı desert;Snack;Çudo;1;Mega Store;Baku;Center
1477;21.11.2024;P7;S2;C254;4;0,91;0,05;Male;18-25;Sərin Çörək;Bakery;Local;0,4;Mega Store;Baku;Center
1512;27.10.2023;P3;S2;C97;4;1,98;0;Female;36-50;Milla Süd 1L;Dairy;Milla;1,2;Mega Store;Baku;Center
1522;24.12.2023;P4;S2;C117;4;12,52;0,1;Male;18-25;Savalan Toyuq filesi;Meat;Savalan;4,5;Mega Store;Baku;Center
1609;08.01.2023;P5;S2;C67;4;2,31;0,1;Male;50+;Bizim Tarla Pomidor konservi;Canned;Bizim Tarla;1,5;Mega Store;Baku;Center
1655;06.06.2024;P10;S2;C215;4;3,17;0;Female;36-50;Red Bull 250ml;Beverage;Red Bull;1,7;Mega Store;Baku;Center
1670;01.03.2024;P8;S2;C197;4;4,41;0;Female;26-35;Natura Yumurta 10 ədəd;Dairy;Natura;2,2;Mega Store;Baku;Center
1681;25.01.2024;P7;S2;C141;4;0,81;0,15;Female;50+;Sərin Çörək;Bakery;Local;0,4;Mega Store;Baku;Center
1691;20.03.2023;P8;S2;C58;4;3,45;0,1;Female;18-25;Natura Yumurta 10 ədəd;Dairy;Natura;2,2;Mega Store;Baku;Center
1698;13.01.2023;P10;S2;C66;4;4,15;0,15;Male;26-35;Red Bull 250ml;Beverage;Red Bull;1,7;Mega Store;Baku;Center
1732;29.08.2023;P2;S2;C182;4;6,22;0,1;Female;18-25;Azərsun Günəbaxan Yağı 1L;Grocery;Azersun;2,5;Mega Store;Baku;Center
1736;16.12.2024;P4;S2;C26;4;12,23;0;Male;50+;Savalan Toyuq filesi;Meat;Savalan;4,5;Mega Store;Baku;Center
1743;23.12.2023;P6;S2;C292;4;1,84;0,05;Female;50+;Çudo Şokoladlı desert;Snack;Çudo;1;Mega Store;Baku;Center
1793;21.02.2023;P8;S2;C41;4;4;0,05;Female;26-35;Natura Yumurta 10 ədəd;Dairy;Natura;2,2;Mega Store;Baku;Center
1843;19.03.2023;P8;S2;C249;4;5,18;0;Female;18-25;Natura Yumurta 10 ədəd;Dairy;Natura;2,2;Mega Store;Baku;Center
1860;02.02.2024;P10;S2;C88;4;3,35;0,15;Male;50+;Red Bull 250ml;Beverage;Red Bull;1,7;Mega Store;Baku;Center
1866;08.07.2023;P9;S2;C36;4;5,87;0,1;Male;18-25;Pringles Chips;Snack;Pringles;2,8;Mega Store;Baku;Center
1891;24.05.2024;P1;S2;C73;4;1,99;0,1;Female;18-25;Coca-Cola 1L;Beverage;Coca-Cola;0,8;Mega Store;Baku;Center
1898;26.10.2024;P3;S2;C234;4;2,01;0,1;Male;50+;Milla Süd 1L;Dairy;Milla;1,2;Mega Store;Baku;Center
1950;06.06.2024;P8;S2;C74;4;4,8;0,1;Female;26-35;Natura Yumurta 10 ədəd;Dairy;Natura;2,2;Mega Store;Baku;Center
1970;04.07.2024;P1;S2;C41;4;2,19;0,15;Female;26-35;Coca-Cola 1L;Beverage;Coca-Cola;0,8;Mega Store;Baku;Center
1988;27.11.2023;P8;S2;C296;4;5,94;0;Female;36-50;Natura Yumurta 10 ədəd;Dairy;Natura;2,2;Mega Store;Baku;Center
1993;04.03.2023;P7;S2;C261;4;1,17;0;Male;36-50;Sərin Çörək;Bakery;Local;0,4;Mega Store;Baku;Center
1995;10.12.2023;P3;S2;C90;4;3,48;0,15;Female;26-35;Milla Süd 1L;Dairy;Milla;1,2;Mega Store;Baku;Center
2;22.06.2023;P1;S2;C115;5;1,98;0;Male;26-35;Coca-Cola 1L;Beverage;Coca-Cola;0,8;Mega Store;Baku;Center
5;26.11.2024;P7;S2;C191;5;1,1;0;Male;50+;Sərin Çörək;Bakery;Local;0,4;Mega Store;Baku;Center
32;30.07.2024;P7;S2;C201;5;0,75;0,1;Male;26-35;Sərin Çörək;Bakery;Local;0,4;Mega Store;Baku;Center
8;17.12.2023;P3;S2;C45;5;3,2;0,05;Male;26-35;Milla Süd 1L;Dairy;Milla;1,2;Mega Store;Baku;Center
52;21.10.2023;P8;S2;C279;5;5,97;0;Female;26-35;Natura Yumurta 10 ədəd;Dairy;Natura;2,2;Mega Store;Baku;Center
17;07.10.2024;P3;S2;C147;5;2,26;0,1;Male;36-50;Milla Süd 1L;Dairy;Milla;1,2;Mega Store;Baku;Center
18;01.03.2024;P4;S2;C148;5;7,04;0;Female;36-50;Savalan Toyuq filesi;Meat;Savalan;4,5;Mega Store;Baku;Center
19;28.12.2023;P6;S2;C178;5;1,63;0;Male;36-50;Çudo Şokoladlı desert;Snack;Çudo;1;Mega Store;Baku;Center
20;16.03.2024;P5;S2;C68;5;2,32;0,1;Female;18-25;Bizim Tarla Pomidor konservi;Canned;Bizim Tarla;1,5;Mega Store;Baku;Center
33;18.04.2024;P4;S2;C21;5;8,06;0,1;Male;18-25;Savalan Toyuq filesi;Meat;Savalan;4,5;Mega Store;Baku;Center
22;02.03.2024;P10;S2;C26;5;4,26;0,05;Male;50+;Red Bull 250ml;Beverage;Red Bull;1,7;Mega Store;Baku;Center
23;08.09.2024;P4;S2;C159;5;11,85;0,15;Female;18-25;Savalan Toyuq filesi;Meat;Savalan;4,5;Mega Store;Baku;Center
35;24.11.2024;P6;S2;C236;5;1,97;0,1;Female;26-35;Çudo Şokoladlı desert;Snack;Çudo;1;Mega Store;Baku;Center
34;17.02.2023;P1;S2;C284;5;2,08;0,15;Female;18-25;Coca-Cola 1L;Beverage;Coca-Cola;0,8;Mega Store;Baku;Center
36;26.05.2023;P1;S2;C97;5;1,56;0,1;Female;36-50;Coca-Cola 1L;Beverage;Coca-Cola;0,8;Mega Store;Baku;Center
41;26.05.2023;P5;S2;C266;5;3,1;0;Male;18-25;Bizim Tarla Pomidor konservi;Canned;Bizim Tarla;1,5;Mega Store;Baku;Center
43;13.06.2023;P10;S2;C103;5;4,47;0;Female;26-35;Red Bull 250ml;Beverage;Red Bull;1,7;Mega Store;Baku;Center
85;22.01.2024;P1;S2;C283;5;1,68;0;Male;26-35;Coca-Cola 1L;Beverage;Coca-Cola;0,8;Mega Store;Baku;Center
49;31.07.2024;P8;S2;C234;5;5,84;0,05;Male;50+;Natura Yumurta 10 ədəd;Dairy;Natura;2,2;Mega Store;Baku;Center
54;10.06.2024;P6;S2;C52;5;2,34;0,05;Female;50+;Çudo Şokoladlı desert;Snack;Çudo;1;Mega Store;Baku;Center
96;08.01.2023;P8;S2;C55;5;4,65;0;Male;36-50;Natura Yumurta 10 ədəd;Dairy;Natura;2,2;Mega Store;Baku;Center
64;03.09.2023;P10;S2;C123;5;3,92;0,05;Female;36-50;Red Bull 250ml;Beverage;Red Bull;1,7;Mega Store;Baku;Center
171;03.09.2023;P2;S2;C70;5;6,53;0,1;Female;26-35;Azərsun Günəbaxan Yağı 1L;Grocery;Azersun;2,5;Mega Store;Baku;Center
101;25.04.2024;P7;S2;C108;5;1,11;0,05;Male;26-35;Sərin Çörək;Bakery;Local;0,4;Mega Store;Baku;Center
128;23.01.2024;P3;S2;C162;5;3,27;0;Female;18-25;Milla Süd 1L;Dairy;Milla;1,2;Mega Store;Baku;Center
130;06.09.2024;P7;S2;C246;5;1,2;0,15;Male;50+;Sərin Çörək;Bakery;Local;0,4;Mega Store;Baku;Center
138;07.11.2023;P1;S2;C194;5;2,1;0;Male;50+;Coca-Cola 1L;Beverage;Coca-Cola;0,8;Mega Store;Baku;Center
316;20.09.2024;P5;S2;C79;5;3,44;0,1;Male;36-50;Bizim Tarla Pomidor konservi;Canned;Bizim Tarla;1,5;Mega Store;Baku;Center
318;27.09.2024;P1;S2;C218;5;1,38;0,1;Female;36-50;Coca-Cola 1L;Beverage;Coca-Cola;0,8;Mega Store;Baku;Center
867;27.05.2024;P7;S2;C179;5;0,79;0,15;Female;18-25;Sərin Çörək;Bakery;Local;0,4;Mega Store;Baku;Center
910;18.09.2023;P7;S2;C83;5;0,68;0,1;Female;26-35;Sərin Çörək;Bakery;Local;0,4;Mega Store;Baku;Center
934;24.07.2023;P5;S2;C117;5;2,67;0,15;Male;18-25;Bizim Tarla Pomidor konservi;Canned;Bizim Tarla;1,5;Mega Store;Baku;Center
948;08.05.2024;P9;S2;C65;5;7,94;0;Male;36-50;Pringles Chips;Snack;Pringles;2,8;Mega Store;Baku;Center
955;09.03.2024;P7;S2;C115;5;0,92;0,1;Male;26-35;Sərin Çörək;Bakery;Local;0,4;Mega Store;Baku;Center
958;15.09.2024;P8;S2;C51;5;5,6;0;Female;36-50;Natura Yumurta 10 ədəd;Dairy;Natura;2,2;Mega Store;Baku;Center
999;29.09.2024;P1;S2;C90;5;1,65;0,15;Female;26-35;Coca-Cola 1L;Beverage;Coca-Cola;0,8;Mega Store;Baku;Center
1000;10.12.2023;P6;S2;C131;5;2,78;0,15;Female;36-50;Çudo Şokoladlı desert;Snack;Çudo;1;Mega Store;Baku;Center
1049;13.06.2024;P10;S2;C25;5;4,93;0;Female;18-25;Red Bull 250ml;Beverage;Red Bull;1,7;Mega Store;Baku;Center
1065;07.08.2024;P7;S2;C46;5;0,95;0;Female;36-50;Sərin Çörək;Bakery;Local;0,4;Mega Store;Baku;Center
1076;25.04.2024;P5;S2;C141;5;3,14;0,1;Female;50+;Bizim Tarla Pomidor konservi;Canned;Bizim Tarla;1,5;Mega Store;Baku;Center
1097;05.02.2024;P4;S2;C22;5;9,99;0,1;Male;36-50;Savalan Toyuq filesi;Meat;Savalan;4,5;Mega Store;Baku;Center
1102;01.09.2023;P7;S2;C300;5;0,72;0,15;Female;18-25;Sərin Çörək;Bakery;Local;0,4;Mega Store;Baku;Center
1117;24.11.2023;P5;S2;C5;5;4,2;0,1;Female;36-50;Bizim Tarla Pomidor konservi;Canned;Bizim Tarla;1,5;Mega Store;Baku;Center
1208;02.08.2024;P9;S2;C49;5;5,89;0;Female;50+;Pringles Chips;Snack;Pringles;2,8;Mega Store;Baku;Center
1220;05.08.2023;P7;S2;C36;5;1,16;0;Male;18-25;Sərin Çörək;Bakery;Local;0,4;Mega Store;Baku;Center
1243;05.03.2023;P8;S2;C73;5;4,38;0,15;Female;18-25;Natura Yumurta 10 ədəd;Dairy;Natura;2,2;Mega Store;Baku;Center
1270;07.05.2024;P10;S2;C205;5;4,07;0,05;Female;36-50;Red Bull 250ml;Beverage;Red Bull;1,7;Mega Store;Baku;Center
1289;25.07.2023;P10;S2;C108;5;2,79;0;Male;26-35;Red Bull 250ml;Beverage;Red Bull;1,7;Mega Store;Baku;Center
1299;03.09.2023;P7;S2;C155;5;1,04;0,1;Female;36-50;Sərin Çörək;Bakery;Local;0,4;Mega Store;Baku;Center
1300;13.01.2023;P6;S2;C11;5;1,51;0,15;Female;36-50;Çudo Şokoladlı desert;Snack;Çudo;1;Mega Store;Baku;Center
1317;23.05.2023;P8;S2;C133;5;3,5;0,15;Female;36-50;Natura Yumurta 10 ədəd;Dairy;Natura;2,2;Mega Store;Baku;Center
1319;30.12.2023;P4;S2;C252;5;8,42;0,15;Female;36-50;Savalan Toyuq filesi;Meat;Savalan;4,5;Mega Store;Baku;Center
1345;30.10.2023;P10;S2;C49;5;2,63;0,05;Female;50+;Red Bull 250ml;Beverage;Red Bull;1,7;Mega Store;Baku;Center
1356;08.07.2024;P1;S2;C288;5;1,4;0,05;Male;50+;Coca-Cola 1L;Beverage;Coca-Cola;0,8;Mega Store;Baku;Center
1381;12.09.2023;P4;S2;C291;5;7,4;0,15;Male;26-35;Savalan Toyuq filesi;Meat;Savalan;4,5;Mega Store;Baku;Center
1456;17.09.2024;P5;S2;C241;5;4,22;0;Female;36-50;Bizim Tarla Pomidor konservi;Canned;Bizim Tarla;1,5;Mega Store;Baku;Center
1508;03.10.2024;P1;S2;C218;5;1,53;0,15;Female;36-50;Coca-Cola 1L;Beverage;Coca-Cola;0,8;Mega Store;Baku;Center
1527;25.02.2023;P9;S2;C282;5;7,17;0;Female;18-25;Pringles Chips;Snack;Pringles;2,8;Mega Store;Baku;Center
1531;05.08.2024;P7;S2;C119;5;0,93;0,15;Female;50+;Sərin Çörək;Bakery;Local;0,4;Mega Store;Baku;Center
1533;17.08.2023;P10;S2;C81;5;4,28;0,05;Female;50+;Red Bull 250ml;Beverage;Red Bull;1,7;Mega Store;Baku;Center
1544;17.06.2023;P8;S2;C155;5;6,06;0,15;Female;36-50;Natura Yumurta 10 ədəd;Dairy;Natura;2,2;Mega Store;Baku;Center
1591;12.05.2023;P4;S2;C42;5;11,33;0;Female;18-25;Savalan Toyuq filesi;Meat;Savalan;4,5;Mega Store;Baku;Center
1635;06.02.2023;P2;S2;C180;5;4,9;0,15;Female;50+;Azərsun Günəbaxan Yağı 1L;Grocery;Azersun;2,5;Mega Store;Baku;Center
1671;15.07.2024;P6;S2;C181;5;1,68;0,1;Female;36-50;Çudo Şokoladlı desert;Snack;Çudo;1;Mega Store;Baku;Center
1685;16.08.2024;P4;S2;C83;5;13,36;0,1;Female;26-35;Savalan Toyuq filesi;Meat;Savalan;4,5;Mega Store;Baku;Center
1707;09.05.2024;P6;S2;C163;5;2,94;0;Male;36-50;Çudo Şokoladlı desert;Snack;Çudo;1;Mega Store;Baku;Center
1725;29.11.2023;P2;S2;C106;5;6,79;0;Male;36-50;Azərsun Günəbaxan Yağı 1L;Grocery;Azersun;2,5;Mega Store;Baku;Center
1788;25.06.2024;P9;S2;C11;5;6,32;0,15;Female;36-50;Pringles Chips;Snack;Pringles;2,8;Mega Store;Baku;Center
1803;21.09.2023;P1;S2;C236;5;2,23;0,1;Female;26-35;Coca-Cola 1L;Beverage;Coca-Cola;0,8;Mega Store;Baku;Center
1824;30.10.2023;P3;S2;C262;5;3,43;0,05;Male;18-25;Milla Süd 1L;Dairy;Milla;1,2;Mega Store;Baku;Center
1827;26.05.2024;P7;S2;C106;5;1,15;0,05;Male;36-50;Sərin Çörək;Bakery;Local;0,4;Mega Store;Baku;Center
1862;15.01.2024;P9;S2;C284;5;5,32;0;Female;18-25;Pringles Chips;Snack;Pringles;2,8;Mega Store;Baku;Center
1966;29.09.2023;P4;S2;C293;5;7,32;0,05;Male;26-35;Savalan Toyuq filesi;Meat;Savalan;4,5;Mega Store;Baku;Center
1967;17.08.2023;P8;S2;C262;5;5,86;0;Male;18-25;Natura Yumurta 10 ədəd;Dairy;Natura;2,2;Mega Store;Baku;Center
